siteID,plotID,plotType,collectDate,root_0-05_carbonPercent,root_0-05_CNratio,root_0-05_nitrogenPercent,root_05-1_carbonPercent,root_05-1_CNratio,root_05-1_nitrogenPercent,root_1-2_carbonPercent,root_1-2_CNratio,root_1-2_nitrogenPercent,root_2-10_carbonPercent,root_2-10_CNratio,root_2-10_nitrogenPercent
BART,BART_032,tower,2016-07-27T12:39Z,48.6,47.5,1,48.8,77.6,0.6,48.4,95.5,0.5,47,122.4,0.4
BART,BART_032,tower,2016-07-27T12:53Z,49.3,48.6,1,48.2,61.2,0.8,46.3,66.6,0.7,47.5,118.75,0.4
BART,BART_033,tower,2016-07-26T17:37Z,49.6,37.5,1.3,49.7,47.3,1.1,49.6,86.2,0.6,48.2,102.4,0.5
BART,BART_033,tower,2016-07-26T17:50Z,49.4,36.9,1.3,49.9,50.7,1,49.9,71.7,0.7,47.4,90.9,0.5
BART,BART_034,tower,2016-07-26T18:21Z,51.1,47.4,1.1,50.8,62.8,0.8,50.3,85.8,0.6,46.6,144,0.3
BART,BART_034,tower,2016-07-26T18:34Z,50.8,49.9,1,50.5,66.6,0.8,50.1,86.2,0.6,47.9,108.5,0.4
BART,BART_036,tower,2016-07-26T16:57Z,49.3,45.8,1.1,49.5,61.4,0.8,49.4,86.1,0.6,50.9,112.9,0.5
BART,BART_036,tower,2016-07-26T17:12Z,51.5,50.1,1.05,49.7,50.8,1,53.1,63.9,0.8,46.2,80.1,0.6
BART,BART_037,tower,2016-07-15T13:03Z,49.4,41.8,1.2,48,71,0.7,48.3,93,0.5,47.5,105.5,0.5
BART,BART_037,tower,2016-07-15T13:22Z,48.7,43.1,1.1,49.8,68.9,0.7,49.7,89.7,0.6,47,124.5,0.4
BART,BART_039,tower,2016-07-27T13:22Z,49.6,47.7,1,50.6,74.9,0.7,49.7,93.9,0.5,47.5,116.1,0.4
BART,BART_039,tower,2016-07-27T13:36Z,49.6,44.4,1.1,50.3,71.4,0.7,49.5,92.2,0.5,47.15,146.65,0.3
BART,BART_040,tower,2016-07-20T18:08Z,50.2,41.8,1.2,48.8,64.1,0.8,45.8,97.2,0.5,45.5,131.2,0.3
BART,BART_040,tower,2016-07-20T18:25Z,48.3,44,1.1,49.7,76.4,0.7,47.8,100.9,0.5,48.2,137.7,0.4
BART,BART_041,tower,2016-07-27T11:42Z,47.7,42.6,1.1,50.2,51.7,1,50.5,85.9,0.6,49.9,101.4,0.5
BART,BART_041,tower,2016-07-27T11:46Z,49.9,39.9,1.3,45.2,83.4,0.5,50.6,84,0.6,48.5,109.1,0.4
BART,BART_042,tower,2016-07-27T14:02Z,46.3,32.9,1.4,51,53.5,1,48.3,69.7,0.7,45.7,74.1,0.6
BART,BART_042,tower,2016-07-27T14:15Z,48.4,38.9,1.2,48.6,55.1,0.9,47.5,103.1,0.5,47,105.4,0.4
BART,BART_044,tower,2016-07-15T12:12Z,49.7,44,1.1,49.55,64.65,0.75,49.6,86.4,0.6,45.95,125.75,0.4
BART,BART_044,tower,2016-07-15T12:36Z,49.1,44.1,1.1,50.5,66.5,0.8,49.2,92.7,0.5,47.3,111.3,0.4
BART,BART_046,tower,2016-07-14T17:00Z,49.4,40.9,1.2,49.4,73.9,0.7,49.4,97,0.5,46.6,146.1,0.3
BART,BART_046,tower,2016-07-14T17:21Z,49.6,38.9,1.3,50.4,76.6,0.7,49.6,102.8,0.5,50.1,119.4,0.4
BART,BART_047,tower,2016-07-20T18:53Z,50.9,47.3,1.1,49.3,53.7,0.9,48.5,92.4,0.5,47.4,122.7,0.4
BART,BART_047,tower,2016-07-20T19:19Z,50,46.1,1.1,49.8,73.2,0.7,46.9,79.6,0.6,47.4,152.7,0.3
BART,BART_050,tower,2016-07-21T13:53Z,48.8,44.8,1.1,49.9,64.2,0.8,50.2,88.8,0.6,48.25,120.75,0.4
BART,BART_050,tower,2016-07-21T14:09Z,46.3,40.9,1.1,48.5,68.3,0.7,48.2,106.6,0.5,49.3,147.3,0.3
BART,BART_051,tower,2016-07-21T11:50Z,50.3,50.5,1,51,68.6,0.7,49.7,85,0.6,49.1,117.1,0.4
BART,BART_051,tower,2016-07-21T12:09Z,50.5,52.5,1,50.7,85.1,0.6,50.2,112.9,0.4,48.9,154.5,0.3
BART,BART_070,tower,2016-07-26T16:11Z,48.7,58.1,0.8,45.7,87.7,0.5,49.2,83.9,0.6,48.5,140,0.3
BART,BART_070,tower,2016-07-26T16:25Z,49.2,48.8,1,48.6,41.5,1.2,52.7,59.2,0.9,47.5,102.1,0.5
BART,BART_071,tower,2016-07-20T16:56Z,50.1,44.1,1.1,50.8,66.95,0.8,49.1,110.3,0.4,49.2,134.5,0.4
BART,BART_071,tower,2016-07-20T17:23Z,44.7,40.2,1.1,48.3,69.4,0.7,48.2,103.4,0.5,41.9,196.6,0.2
BART,BART_072,tower,2016-07-15T14:16Z,48.1,37.2,1.3,50.6,58.5,0.9,49.9,82.9,0.6,48.3,111,0.4
BART,BART_072,tower,2016-07-15T14:42Z,49.2,37.8,1.3,50.2,49.7,1,50.2,81.1,0.6,50.3,100.9,0.5
BART,BART_073,tower,2016-07-21T12:46Z,48.6,40.1,1.2,49.5,72.5,0.7,49,93.8,0.5,48.2,145.3,0.3
BART,BART_073,tower,2016-07-21T13:05Z,49.7,50.2,1,49.9,76.2,0.7,49.3,92,0.5,48.3,136.4,0.3
BART,BART_074,tower,2016-07-14T15:56Z,48.7,36.3,1.3,50.05,59.55,0.85,49.5,75.1,0.7,48.2,135.8,0.3
BART,BART_074,tower,2016-07-14T16:24Z,49.1,46.6,1.1,48.9,67.5,0.7,48.3,83.1,0.6,47.2,130.7,0.35
BART,BART_075,tower,2016-07-14T17:49Z,47.3,40.6,1.2,48.7,47.4,1,48.4,83.9,0.6,48.6,159.1,0.3
BART,BART_075,tower,2016-07-14T18:32Z,48.1,40.1,1.2,48.8,45.5,1.1,47.9,93.2,0.5,47.2,133.1,0.3
DEJU,DEJU_045,tower,2018-08-06T20:37Z,48.16,48.1,1,49.88,67.1,0.74,NA,NA,0.53,51.05,72.6,0.7
DEJU,DEJU_045,tower,2018-08-13T21:21Z,40.5,37.1,1.09,45.43,43.8,1.04,48.5,59.6,0.81,NA,NA,0.47
DEJU,DEJU_046,tower,2018-08-06T21:56Z,47.215,53.15,0.89,49.04,67.5,0.73,49.57,80.4,0.62,NA,NA,0.48
DEJU,DEJU_046,tower,2018-09-19T22:12Z,47.36,48.6,0.97,51.48,68.9,0.75,NA,NA,0.54,NA,NA,0.35
DEJU,DEJU_047,tower,2018-08-15T20:30Z,50,57.1,0.88,46.625,49.15,1.065,NA,NA,0.62,NA,NA,0.38
DEJU,DEJU_047,tower,2018-08-20T21:53Z,46.25,43.7,1.06,47.1,53.1,0.89,49.32,67.9,0.73,NA,NA,0.45
DEJU,DEJU_048,tower,2018-07-31T22:04Z,52.04,67.3,0.77,52.18,75.75,0.685,NA,NA,0.53,NA,NA,0.57
DEJU,DEJU_048,tower,2018-09-17T20:59Z,50.19,54.3,0.92,50.47,71.5,0.71,NA,NA,0.57,NA,NA,0.29
DEJU,DEJU_049,tower,2018-08-08T21:57Z,49.63,53.2,0.93,50.4,64.2,0.79,50.71,81.5,0.62,NA,NA,0.43
DEJU,DEJU_049,tower,2018-08-20T21:03Z,48.53,51,0.95,49.31,60.7,0.81,49.69,72,0.69,50.59,72.9,0.69
DEJU,DEJU_050,tower,2018-08-20T23:21Z,41.68,40.8,1.02,48.51,62.4,0.78,NA,NA,0.59,NA,NA,0.36
DEJU,DEJU_050,tower,2018-08-22T19:51Z,43.86,44.2,0.99,41.39,43.8,0.95,NA,NA,0.58,NA,NA,0.55
DEJU,DEJU_051,tower,2018-08-28T20:06Z,48.02,46.75,1.03,49.91,71.6,0.7,NA,NA,0.52,NA,NA,0.39
DEJU,DEJU_051,tower,2018-08-28T20:41Z,51.08,51.2,1,51.81,66.5,0.78,51.71,89.8,0.58,NA,NA,0.25
DEJU,DEJU_052,tower,2018-08-13T22:07Z,46.22,46,1.01,48.38,52.7,0.92,49.8,74.8,0.67,50.93,75.3,0.68
DEJU,DEJU_052,tower,2018-08-13T22:25Z,42.05,42.8,0.98,44.59,41.7,1.07,48.73,61.6,0.79,NA,NA,0.56
DEJU,DEJU_053,tower,2018-07-31T19:17Z,47.47,52.2,0.91,49.97,66.6,0.75,50.545,78.25,0.65,NA,NA,0.51
DEJU,DEJU_053,tower,2018-08-22T22:26Z,52.27,61,0.86,52.65,79.1,0.67,50.94,74.8,0.68,50.73,179.9,0.28
DEJU,DEJU_054,tower,2018-08-08T19:58Z,49.1,45.2,1.09,50.98,54.8,0.93,51.63,73.3,0.7,51.28,71,0.72
DEJU,DEJU_054,tower,2018-08-24T20:29Z,47.45,49.3,0.96,50.21,67.9,0.74,NA,NA,0.57,NA,NA,0.43
DEJU,DEJU_055,tower,2018-08-08T19:04Z,45.91,49.3,0.93,49.83,64.2,0.78,NA,NA,0.63,NA,NA,0.38
DEJU,DEJU_055,tower,2018-08-10T19:56Z,48.28,50.7,0.95,49.9,67.1,0.74,NA,NA,0.63,NA,NA,0.39
DEJU,DEJU_056,tower,2018-08-15T21:02Z,43.34,56.8,0.76,47.87,68.5,0.7,NA,NA,0.56,NA,NA,0.465
DEJU,DEJU_056,tower,2018-08-15T21:30Z,46.51,57.6,0.81,49.6,64.3,0.77,NA,NA,0.51,NA,NA,0.38
DEJU,DEJU_057,tower,2018-08-17T20:19Z,49.81,67.3,0.74,46.15,40.3,1.14,48.89,56.4,0.87,49.02,64.4,0.76
DEJU,DEJU_057,tower,2018-09-24T15:30Z,48.1,45,1.07,50.19,63.3,0.79,NA,NA,0.65,NA,NA,0.59
DEJU,DEJU_058,tower,2018-08-28T19:31Z,48.34,51.1,0.95,50.68,69.3,0.73,NA,NA,0.54,NA,NA,0.28
DEJU,DEJU_058,tower,2018-09-24T19:57Z,50.89,49,1.04,50.66,63,0.8,51.62,87.2,0.59,NA,NA,0.38
DEJU,DEJU_059,tower,2018-08-08T20:21Z,44.65,59.5,0.75,NA,NA,0.535,NA,NA,0.45,NA,NA,0.38
DEJU,DEJU_059,tower,2018-08-22T20:47Z,42.29,51.3,0.82,47.21,62.5,0.76,49.03,71.5,0.69,NA,NA,0.39
DEJU,DEJU_060,tower,2018-08-08T18:21Z,50.59,61.4,0.82,51.215,70.6,0.725,50.99,83.5,0.61,NA,NA,0.37
DEJU,DEJU_060,tower,2018-09-14T15:38Z,49.6,49.2,1.01,50.01,59.4,0.84,50.53,67,0.75,NA,NA,0.3
DEJU,DEJU_061,tower,2018-08-08T21:24Z,50.175,51.1,0.98,52.52,64.4,0.82,51.44,82.1,0.63,NA,NA,0.35
DEJU,DEJU_061,tower,2018-09-19T21:23Z,48.3,67.8,0.71,49.32,78.3,0.63,NA,NA,0.53,NA,NA,0.31
DEJU,DEJU_062,tower,2018-08-06T22:30Z,50.72,71.3,0.71,NA,NA,0.56,NA,NA,0.46,NA,NA,0.27
DEJU,DEJU_062,tower,2018-09-17T19:19Z,51.6,54,0.96,52.7,77.5,0.68,52,84.7,0.61,51.87,99.9,0.52
DEJU,DEJU_063,tower,2018-08-27T21:04Z,50.25,52.9,0.95,52.18,71.7,0.73,NA,NA,0.61,NA,NA,0.3
DEJU,DEJU_063,tower,2018-08-27T22:02Z,49.51,46.4,1.07,51.2,62.9,0.81,NA,NA,0.61,NA,NA,0.32
DEJU,DEJU_064,tower,2018-08-28T21:07Z,48.66,51.9,0.94,50.78,67.7,0.75,51.71,88.2,0.59,NA,NA,0.42
DEJU,DEJU_064,tower,2018-08-28T21:38Z,45.98,50.5,0.91,51.09,59.6,0.86,52.13,84.2,0.62,NA,NA,0.39
DSNY,DSNY_041,tower,2018-07-30T22:20Z,46.93,45.4,1.03,47.81,68.9,0.69,48.42,95.4,0.51,45.09,44.7,1.01
DSNY,DSNY_042,tower,2018-08-06T22:56Z,48.29,63.5,0.76,51.27,77.2,0.66,49.905,90.65,0.55,48.23,136,0.35
DSNY,DSNY_043,tower,2018-07-24T11:30Z,48.04,89,0.54,47.45,98.3,0.48,47.8,55.2,0.87,NA,NA,NA
DSNY,DSNY_044,tower,2018-07-16T18:00Z,47.31,71.2,0.66,48.14,78.5,0.61,NA,NA,NA,NA,NA,NA
DSNY,DSNY_045,tower,2018-07-25T21:39Z,46.52,63.9,0.73,47.82,91.3,0.52,47.955,68.55,0.71,49.13,114,0.43
DSNY,DSNY_046,tower,2018-07-18T23:09Z,48.22,65,0.74,48.03,93.7,0.51,46,131.5,0.35,NA,NA,NA
DSNY,DSNY_047,tower,2018-07-30T20:38Z,47.47,108.3,0.44,47.24,79.2,0.6,NA,NA,NA,NA,NA,NA
DSNY,DSNY_048,tower,2018-07-18T23:47Z,47.15,49,0.96,48.49,78.9,0.61,47.09,52.9,0.89,NA,NA,NA
DSNY,DSNY_049,tower,2018-08-06T22:52Z,47.4,66.6,0.71,47.42,88.1,0.54,47.05,83,0.57,NA,NA,NA
DSNY,DSNY_050,tower,2018-08-01T22:13Z,47.82,67.3,0.71,46.49,90.4,0.51,48.72,120.5,0.4,46.38,73,0.64
DSNY,DSNY_051,tower,2018-07-30T22:45Z,47.95,78,0.61,47.59,87.6,0.54,45.66,58.8,0.78,44.06,45.5,0.97
DSNY,DSNY_052,tower,2018-07-16T15:58Z,46.37,50,0.925,46.16,81.8,0.56,48.47,85.6,0.57,NA,NA,NA
DSNY,DSNY_053,tower,2018-08-07T00:15Z,48.94,66.9,0.73,47.73,72.8,0.66,48.32,128.8,0.38,NA,NA,NA
DSNY,DSNY_054,tower,2018-07-24T11:50Z,48.04,88.7,0.54,48.86,140.5,0.35,NA,NA,NA,NA,NA,NA
DSNY,DSNY_055,tower,2018-07-16T17:05Z,47.28,76,0.62,48.22,102.1,0.47,47.01,105,0.45,NA,NA,NA
DSNY,DSNY_056,tower,2018-07-25T22:11Z,47.84,93.5,0.51,51.47,114.6,0.45,51.33,148.9,0.34,47.81,245.3,0.19
DSNY,DSNY_057,tower,2018-07-23T21:54Z,46.19,74.9,0.62,44,74.5,0.59,47.81,115.2,0.41,NA,NA,NA
DSNY,DSNY_058,tower,2018-07-16T17:29Z,47.25,68.1,0.69,47.59,79.9,0.6,50.2,97.5,0.51,NA,NA,NA
DSNY,DSNY_059,tower,2018-07-19T00:10Z,47.19,53.6,0.88,48.16,91.7,0.53,NA,NA,NA,NA,NA,NA
DSNY,DSNY_060,tower,2018-08-01T22:33Z,46.66,36.5,1.28,47.39,52,0.91,45.97,59.5,0.77,NA,NA,NA
DSNY,DSNY_061,tower,2018-07-16T19:07Z,48.17,56.4,0.85,47.89,70.4,0.68,47.48,81,0.59,NA,NA,NA
DSNY,DSNY_062,tower,2018-07-18T22:03Z,48.98,74.7,0.66,50.935,86.7,0.585,50.46,85.6,0.59,49.96,206.4,0.24
DSNY,DSNY_063,tower,2018-08-01T22:35Z,47.36,40,1.18,45.8,54.2,0.85,43.32,69.5,0.62,44.46,86.6,0.51
DSNY,DSNY_064,tower,2018-07-19T11:30Z,47.66,65.4,0.73,47.45,57,0.83,47.545,39.05,1.215,NA,NA,NA
DSNY,DSNY_065,tower,2018-08-01T21:28Z,46.45,50.9,0.91,47.15,52.5,0.9,46.15,45.3,1.02,47.12,77,0.61
DSNY,DSNY_066,tower,2018-07-24T12:48Z,47.93,33.4,1.44,48.03,42.5,1.13,45.36,50.6,0.9,45.29,39.9,1.13
DSNY,DSNY_067,tower,2018-07-30T21:14Z,47.76,99.1,0.48,48.89,137.1,0.36,48.13,137.7,0.35,NA,NA,NA
DSNY,DSNY_068,tower,2018-07-30T19:50Z,49.19,135.1,0.36,49.47,111.1,0.45,49.08,119.1,0.41,NA,NA,NA
DSNY,DSNY_069,tower,2018-07-25T21:24Z,48.08,82.2,0.59,49.01,96.8,0.51,52.68,118.5,0.44,35.52,156.9,0.23
DSNY,DSNY_070,tower,2018-07-25T23:08Z,48.71,69.4,0.7,48.14,119.1,0.4,48.6,105.5,0.46,46.2,43.9,1.05
GUAN,GUAN_043,tower,2018-10-15T11:39Z,45.51,31.5,1.45,46.56,38,1.23,NA,NA,0.69,45.87,61.4,0.75
GUAN,GUAN_043,tower,2018-10-15T12:00Z,46.45,29.6,1.57,46.7,36.3,1.29,47.05,61.6,0.76,NA,NA,0.48
GUAN,GUAN_044,tower,2018-10-30T11:30Z,41.94,25.4,1.65,44.69,31.4,1.43,46,50.2,0.92,43.76,70.3,0.62
GUAN,GUAN_045,tower,2018-10-24T11:08Z,44.73,27.3,1.64,46.71,33.4,1.4,45.22,47.9,0.94,44.73,67.3,0.67
GUAN,GUAN_045,tower,2018-10-24T11:35Z,42.35,26,1.63,45.67,40.3,1.13,46.06,52.1,0.88,44.18,68.9,0.64
GUAN,GUAN_047,tower,2018-11-01T12:27Z,45.55,28,1.63,46.58,34.1,1.37,47.73,48.7,0.98,44.15,49.5,0.89
GUAN,GUAN_047,tower,2018-11-01T13:00Z,40.885,26.55,1.54,43.36,37.1,1.17,46.66,48.6,0.96,45.8,53.3,0.86
GUAN,GUAN_049,tower,2018-11-01T11:22Z,45.33,18.9,2.4,47.375,22.05,2.15,47.46,24.7,1.92,45.56,37.8,1.21
GUAN,GUAN_049,tower,2018-11-01T11:25Z,42.13,18.9,2.23,42.53,24.6,1.73,41.65,29.6,1.41,44.42,39.8,1.11
GUAN,GUAN_050,tower,2018-10-26T11:00Z,47.63,30.5,1.56,49.18,43.5,1.13,49.04,36.7,1.33,44.54,62.5,0.71
GUAN,GUAN_050,tower,2018-10-26T11:05Z,45.69,29.3,1.56,46.65,35.1,1.33,48.07,45.1,1.07,39.45,48.5,0.81
GUAN,GUAN_051,tower,2018-10-25T13:45Z,45.99,24.3,1.89,47.09,31.3,1.51,46.89,39.1,1.2,45.47,41.1,1.11
GUAN,GUAN_052,tower,2018-10-16T04:30Z,44.89,20.3,2.21,45.85,24.8,1.85,47.105,39.65,1.19,46,47.6,0.97
GUAN,GUAN_052,tower,2018-10-16T12:15Z,44.35,25,1.77,46.84,32.3,1.45,46.93,34.1,1.37,46,34.9,1.32
GUAN,GUAN_053,tower,2018-10-25T12:56Z,43.92,24.4,1.8,45.58,32.1,1.42,44.87,36.5,1.23,43.72,53.8,0.815
GUAN,GUAN_054,tower,2018-10-22T11:20Z,44.38,18.1,2.46,46.31,20.6,2.25,46.39,24.8,1.87,46.71,31,1.51
GUAN,GUAN_054,tower,2018-10-22T11:25Z,45.78,16,2.86,46.09,17.5,2.64,46.75,25.2,1.86,47.02,24.2,1.94
GUAN,GUAN_055,tower,2018-10-15T13:19Z,46.07,20.4,2.26,47.56,23.1,2.06,47.81,35.3,1.35,47.95,54.9,0.87
GUAN,GUAN_055,tower,2018-10-15T14:00Z,48.02,23.9,2.01,48.64,29.1,1.67,48.3,35.7,1.35,47.62,58,0.82
GUAN,GUAN_056,tower,2018-10-23T10:56Z,46.53,43.95,1.06,47.57,42.2,1.13,47.27,71.1,0.66,NA,NA,0.29
GUAN,GUAN_056,tower,2018-10-23T11:20Z,43.68,33.4,1.31,47.37,49,0.97,47.25,57.8,0.82,NA,NA,0.58
GUAN,GUAN_057,tower,2018-10-30T14:42Z,46.39,26.6,1.75,39.66,28.5,1.39,47.48,37.7,1.26,45.89,50.5,0.91
GUAN,GUAN_058,tower,2018-11-01T11:10Z,42.78,19.7,2.17,42.98,18.6,2.32,44.68,19.7,2.27,47.73,41,1.16
GUAN,GUAN_058,tower,2018-11-01T11:55Z,41.74,16.9,2.47,44.72,24.3,1.84,45.94,26.4,1.74,46.36,23.2,1.99
GUAN,GUAN_059,tower,2018-10-31T12:40Z,45.31,18.6,2.44,47.69,23.7,2.01,46.93,22.6,2.08,44.52,34,1.31
GUAN,GUAN_060,tower,2018-10-31T11:40Z,43.25,24,1.8,45.92,29.4,1.56,46.26,40.2,1.15,44.48,48.6,0.92
GUAN,GUAN_061,tower,2018-10-30T12:54Z,44.34,23.6,1.88,45.6,29.1,1.57,46.91,39.9,1.17,47,46.8,1.01
GUAN,GUAN_061,tower,2018-10-30T13:23Z,43.85,29.2,1.5,45.26,34.1,1.33,48.325,44.35,1.11,45.17,45.8,0.99
HARV,HARV_033,tower,2018-08-06T12:02Z,51.11,50.2,1.02,50.81,54.8,0.93,NA,NA,0.59,NA,NA,0.36
HARV,HARV_033,tower,2018-08-06T14:30Z,52.58,53.4,0.98,52.31,78.9,0.66,NA,NA,0.59,NA,NA,0.44
HARV,HARV_034,tower,2018-08-01T14:34Z,48.535,52.4,0.925,49.49,59.8,0.83,48.23,84.8,0.57,NA,NA,0.45
HARV,HARV_034,tower,2018-08-01T15:00Z,49.21,43.9,1.12,48.76,72.3,0.67,NA,NA,0.59,NA,NA,0.37
HARV,HARV_035,tower,2018-07-23T13:19Z,50.06,47.3,1.06,50.03,69.6,0.715,NA,NA,0.61,NA,NA,0.47
HARV,HARV_035,tower,2018-07-23T13:34Z,49.69,44.3,1.12,49.29,63.8,0.77,NA,NA,0.59,NA,NA,0.32
HARV,HARV_036,tower,2018-07-25T12:40Z,49.38,39.2,1.26,49.11,65.3,0.75,NA,NA,0.48,NA,NA,0.58
HARV,HARV_036,tower,2018-07-25T13:08Z,48.14,35.3,1.36,48.47,52.2,0.93,45.47,67.4,0.67,NA,NA,0.56
HARV,HARV_037,tower,2018-07-23T16:53Z,48.79,39.7,1.23,50.09,53.9,0.93,NA,NA,0.59,NA,NA,0.4
HARV,HARV_037,tower,2018-07-23T17:03Z,49.78,37.3,1.33,49.38,42.6,1.16,50.21,59.8,0.84,NA,NA,0.29
HARV,HARV_038,tower,2018-07-23T17:44Z,50.82,43,1.18,50.5,64.5,0.78,NA,NA,0.57,NA,NA,0.295
HARV,HARV_038,tower,2018-07-23T17:53Z,50.99,45.8,1.11,51.61,54.2,0.95,49.89,69.4,0.72,NA,NA,0.34
HARV,HARV_039,tower,2018-07-30T16:19Z,51.87,53.4,0.97,51.6,62.6,0.82,NA,NA,0.48,NA,NA,0.42
HARV,HARV_039,tower,2018-07-30T16:48Z,52.88,49.9,1.06,52.39,75.5,0.69,51.09,81.3,0.63,NA,NA,0.48
HARV,HARV_040,tower,2018-08-06T17:39Z,44.95,56.9,0.79,NA,NA,0.43,48.1,65.5,0.73,NA,NA,0.42
HARV,HARV_040,tower,2018-08-06T17:55Z,48.63,51,0.95,49.36,70.2,0.7,50.83,80.1,0.63,NA,NA,0.39
HARV,HARV_041,tower,2018-07-25T15:21Z,45.42,49.2,0.92,46.76,61.5,0.76,NA,NA,0.59,NA,NA,0.38
HARV,HARV_041,tower,2018-07-25T15:41Z,50.035,45.7,1.095,50.53,74.9,0.68,NA,NA,0.58,NA,NA,0.36
HARV,HARV_042,tower,2018-07-30T15:17Z,48.13,63.7,0.76,49.76,77.1,0.65,NA,NA,0.5,NA,NA,0.43
HARV,HARV_042,tower,2018-07-30T15:40Z,51.94,56.5,0.92,51.075,77.85,0.655,NA,NA,0.51,NA,NA,0.44
HARV,HARV_043,tower,2018-07-23T15:40Z,51.87,41.4,1.25,51.79,61.8,0.84,NA,NA,0.52,NA,NA,0.38
HARV,HARV_043,tower,2018-07-23T16:58Z,50.27,49.4,1.02,51.02,68,0.75,NA,NA,0.59,NA,NA,0.45
HARV,HARV_044,tower,2018-07-30T14:18Z,50.2,43,1.17,49.5,56.6,0.87,48.7,72.3,0.67,NA,NA,0.48
HARV,HARV_044,tower,2018-07-30T14:50Z,50.1,52.1,0.96,49.8,73.6,0.68,NA,NA,0.44,NA,NA,0.31
HARV,HARV_045,tower,2018-07-25T13:34Z,50.12,49.7,1.01,50.78,69.1,0.73,48.635,80.6,0.605,NA,NA,0.4
HARV,HARV_045,tower,2018-07-25T13:50Z,51.6,49.6,1.04,51.46,68.1,0.76,NA,NA,0.6,NA,NA,0.36
HARV,HARV_046,tower,2018-07-25T17:11Z,49.97,56.7,0.88,50.31,76,0.66,49.67,86.8,0.57,NA,NA,0.385
HARV,HARV_046,tower,2018-07-25T17:35Z,50.21,48.2,1.04,49.54,69.2,0.72,49.76,76.2,0.65,NA,NA,0.38
HARV,HARV_047,tower,2018-08-06T15:57Z,50.68,45.5,1.11,50.94,65.6,0.78,NA,NA,0.53,NA,NA,0.37
HARV,HARV_047,tower,2018-08-06T16:13Z,50.9,48.1,1.06,51.05,72.5,0.7,NA,NA,0.5,NA,NA,0.41
HARV,HARV_048,tower,2018-07-23T14:19Z,49.3,46.1,1.07,48.81,59.6,0.82,NA,NA,0.58,NA,NA,0.47
HARV,HARV_048,tower,2018-07-23T14:35Z,50.54,44,1.15,49.99,64.8,0.77,NA,NA,0.54,NA,NA,0.29
HARV,HARV_049,tower,2018-08-01T15:27Z,50.81,45.65,1.11,50.74,63.8,0.8,50.84,78.3,0.65,NA,NA,0.53
HARV,HARV_049,tower,2018-08-01T16:00Z,50.24,45.3,1.11,50.14,64.9,0.77,NA,NA,0.59,NA,NA,0.32
HARV,HARV_050,tower,2018-07-25T14:53Z,50.89,39.6,1.29,49.915,53.35,0.935,50.09,64.7,0.77,51.14,63.9,0.8
HARV,HARV_050,tower,2018-07-25T15:06Z,51.15,47.2,1.08,51.79,63,0.82,51.84,80.4,0.65,NA,NA,0.35
HARV,HARV_051,tower,2018-08-01T13:14Z,51.63,47.9,1.08,51.92,64.9,0.8,NA,NA,0.51,NA,NA,0.34
HARV,HARV_051,tower,2018-08-01T13:38Z,50.83,45.6,1.11,50.79,63.4,0.8,49.87,84.6,0.59,NA,NA,0.39
HARV,HARV_052,tower,2018-07-23T15:03Z,51.13,48.2,1.06,51.16,73.8,0.69,NA,NA,0.49,NA,NA,0.34
HARV,HARV_052,tower,2018-07-23T15:20Z,47.5,40.1,1.18,46.36,48.8,0.95,48.17,74.45,0.65,NA,NA,0.43
JORN,JORN_042,tower,2017-10-03T13:46Z,30.84,33.7,0.92,41.92,50.5,0.83,44.94,25.3,1.78,NA,NA,NA
JORN,JORN_043,tower,2017-09-12T15:32Z,43.12,55.1,0.78,30.8,42.4,0.73,NA,NA,NA,NA,NA,NA
JORN,JORN_044,tower,2017-09-20T16:37Z,47.48,83.3,0.57,47.97,73.5,0.65,47.14,44.9,1.05,NA,NA,NA
JORN,JORN_045,tower,2017-09-05T21:45Z,26.15,35.3,0.74,26.95,52.3,0.52,NA,NA,NA,46.275,29.85,1.555
JORN,JORN_046,tower,2017-09-18T21:34Z,38.52,48.9,0.79,35.13,37.7,0.93,NA,NA,NA,NA,NA,NA
JORN,JORN_047,tower,2017-09-05T20:33Z,38.86,55.4,0.7,31.925,52.1,0.615,NA,NA,NA,NA,NA,NA
JORN,JORN_048,tower,2017-09-06T13:15Z,29.26,23,1.27,40.98,24.2,1.69,NA,NA,NA,NA,NA,NA
JORN,JORN_049,tower,2017-09-18T21:01Z,28.83,31.1,0.93,NA,NA,NA,NA,NA,NA,NA,NA,NA
JORN,JORN_050,tower,2017-09-19T17:06Z,43.84,50.9,0.86,NA,NA,NA,48.23,51.2,0.94,NA,NA,NA
JORN,JORN_051,tower,2017-09-05T22:44Z,27.42,23.7,1.16,31.87,38.7,0.82,NA,NA,NA,NA,NA,NA
JORN,JORN_052,tower,2017-09-06T15:12Z,35.12,45.9,0.77,37.29,48.8,0.76,44.16,46.9,0.94,NA,NA,NA
JORN,JORN_053,tower,2017-10-03T14:22Z,31.74,31.8,1,38.99,40.4,0.97,42.88,27.1,1.58,NA,NA,NA
JORN,JORN_054,tower,2017-09-20T16:01Z,47.11,51.8,0.91,48,71.2,0.67,NA,NA,NA,NA,NA,NA
JORN,JORN_055,tower,2017-09-19T14:57Z,45.5,46.9,0.97,51.25,155.5,0.33,NA,NA,NA,NA,NA,NA
JORN,JORN_056,tower,2017-09-11T23:02Z,38.07,47.4,0.8,29.41,38.9,0.76,NA,NA,NA,NA,NA,NA
JORN,JORN_057,tower,2017-09-11T22:14Z,44.48,46.9,0.95,42.17,76,0.55,NA,NA,NA,NA,NA,NA
JORN,JORN_058,tower,2017-10-02T21:44Z,33.21,33.1,1,35.22,34.9,1.01,37.97,40,0.95,NA,NA,NA
JORN,JORN_059,tower,2017-09-18T22:14Z,45.4,59.6,0.76,46.28,78.4,0.59,NA,NA,NA,48.05,81.4,0.59
JORN,JORN_060,tower,2017-09-20T13:18Z,46.96,43.1,1.09,NA,NA,NA,49.29,95.2,0.52,NA,NA,NA
JORN,JORN_061,tower,2017-09-11T21:21Z,33.6,60.9,0.55,32.92,44.5,0.74,NA,NA,NA,NA,NA,NA
JORN,JORN_062,tower,2017-09-20T17:09Z,37.02,39.6,0.94,45.02,50.1,0.9,44.6,79.7,0.56,NA,NA,NA
JORN,JORN_063,tower,2017-09-12T13:55Z,36.49,50,0.73,31.4,58.6,0.54,15.16,61.3,0.25,NA,NA,NA
JORN,JORN_064,tower,2017-09-19T16:10Z,43.35,36.6,1.18,48.11,75.5,0.64,49.61,29.2,1.7,48.31,24.1,2.01
JORN,JORN_065,tower,2017-09-12T14:47Z,41.15,32.4,1.27,40.38,40.5,1,NA,NA,NA,43.75,22.3,1.97
JORN,JORN_066,tower,2017-09-19T14:44Z,46.4,38.4,1.21,46.67,36.4,1.28,NA,NA,NA,48.45,21.5,2.25
JORN,JORN_067,tower,2017-09-20T13:54Z,41.26,41.3,1,NA,NA,NA,NA,NA,NA,NA,NA,NA
JORN,JORN_068,tower,2017-10-02T21:08Z,37.61,40.4,0.93,43.715,67.25,0.65,NA,NA,NA,NA,NA,NA
JORN,JORN_069,tower,2017-09-06T14:27Z,27.77,27.3,1.02,39.04,39.4,0.99,NA,NA,NA,NA,NA,NA
JORN,JORN_070,tower,2017-09-20T14:26Z,44.8,57.2,0.78,49.58,112.5,0.44,NA,NA,NA,NA,NA,NA
JORN,JORN_071,tower,2017-09-06T13:34Z,22.03,27.2,0.81,30.29,38,0.8,NA,NA,NA,NA,NA,NA
KONZ,KONZ_042,tower,2017-08-16T18:04Z,46.35,68.5,0.68,45.6,59.3,0.77,45.04,79.3,0.57,46.62,46.4,1
KONZ,KONZ_043,tower,2017-08-23T16:57Z,35.62,52.6,0.68,38.81,63.3,0.61,37.4,68,0.55,46.85,55.4,0.85
KONZ,KONZ_044,tower,2017-08-09T14:52Z,38.83,74.9,0.52,41.77,105.9,0.39,37.74,55.8,0.68,48,227.85,0.21
KONZ,KONZ_045,tower,2017-08-23T14:57Z,36.29,47.3,0.77,41.17,55.9,0.735,43.35,85.7,0.51,46.11,127.7,0.36
KONZ,KONZ_046,tower,2017-08-15T17:10Z,37.65,36.2,1.04,36.65,32.2,1.14,44.41,55.8,0.8,42.6,74.6,0.57
KONZ,KONZ_047,tower,2017-08-21T15:59Z,38.5,58.9,0.65,42.59,74.9,0.57,40.1,72.1,0.56,43.89,63.1,0.7
KONZ,KONZ_048,tower,2017-08-07T14:32Z,44.29,72.5,0.61,38.68,62.2,0.62,41.96,89.2,0.47,NA,NA,NA
KONZ,KONZ_049,tower,2017-08-15T16:40Z,39.57,47.7,0.83,42.95,73.2,0.59,38.01,77.6,0.49,NA,NA,NA
KONZ,KONZ_050,tower,2017-08-07T18:08Z,35.07,65,0.54,36.37,64.5,0.56,39.75,78.3,0.51,NA,NA,NA
KONZ,KONZ_051,tower,2017-08-16T18:38Z,39.72,74.3,0.53,45.7,130.2,0.35,38.13,99.3,0.38,42.82,102,0.42
KONZ,KONZ_052,tower,2017-08-21T15:31Z,40.82,76.2,0.54,39.33,60,0.66,45.28,142.7,0.32,NA,NA,NA
KONZ,KONZ_053,tower,2017-08-09T16:28Z,36.63,32.2,1.14,42.43,60.8,0.7,42.72,75.3,0.57,45.09,26.6,1.69
KONZ,KONZ_054,tower,2017-08-09T13:19Z,36.52,60.3,0.61,40.26,75.4,0.53,43.45,77.8,0.56,46.89,174.1,0.27
KONZ,KONZ_055,tower,2017-08-07T17:08Z,41.61,53.9,0.77,43.82,53.4,0.82,41,61.7,0.66,NA,NA,NA
KONZ,KONZ_056,tower,2017-08-07T16:15Z,36.2,53,0.68,41.07,64.8,0.63,42.94,86.2,0.5,NA,NA,NA
KONZ,KONZ_057,tower,2017-08-23T15:22Z,42.06,56.4,0.75,41.61,68.9,0.6,33,50.8,0.65,47.075,28.55,1.65
KONZ,KONZ_058,tower,2017-08-16T16:38Z,39.86,47.9,0.83,45.93,67,0.69,43.42,50.5,0.86,47.34,79.9,0.59
KONZ,KONZ_059,tower,2017-08-14T20:35Z,42.25,30,1.41,46.35,42.4,1.09,47.38,66.9,0.71,47.28,79.9,0.59
KONZ,KONZ_060,tower,2017-08-15T18:02Z,42.12,67.3,0.63,44.66,90.6,0.49,43.99,94.8,0.46,47.2,79.6,0.59
KONZ,KONZ_061,tower,2017-08-21T17:35Z,37.78,43.5,0.87,38.6,44.3,0.87,45.37,56.2,0.81,44.26,22.8,1.94
KONZ,KONZ_062,tower,2017-08-21T14:50Z,42.4,50.3,0.84,43.245,64.9,0.67,45.86,58.5,0.78,47.01,38.3,1.23
KONZ,KONZ_063,tower,2017-08-14T18:30Z,37.22,24.5,1.52,31.56,24.8,1.27,41.7,48.2,0.87,43.04,87.25,0.49
KONZ,KONZ_064,tower,2017-08-09T15:42Z,41.06,29.5,1.39,44.29,41.5,1.07,40.62,47.1,0.86,44.81,51.4,0.87
KONZ,KONZ_065,tower,2017-08-09T14:12Z,41.64,65.4,0.64,42.59,99.1,0.43,44.87,81.1,0.55,42.64,69.6,0.61
KONZ,KONZ_066,tower,2017-08-23T15:48Z,39.13,39.8,0.98,44.72,64.5,0.69,43.11,75.5,0.57,47.14,41,1.15
KONZ,KONZ_067,tower,2017-08-14T19:40Z,35.03,41.7,0.84,40.52,67,0.6,44.06,78.6,0.56,45.17,90.9,0.5
KONZ,KONZ_068,tower,2017-08-16T17:15Z,39.02,57.5,0.68,38.7,69.3,0.56,41.49,77.8,0.53,42.07,79.2,0.53
KONZ,KONZ_069,tower,2017-08-23T16:30Z,39.53,78.2,0.51,35.83,63.1,0.57,36.64,73.3,0.5,47.17,27.7,1.705
KONZ,KONZ_070,tower,2017-08-07T15:36Z,35.29,54.4,0.65,41.69,71.9,0.58,43.91,123.6,0.36,43.94,54.7,0.8
KONZ,KONZ_071,tower,2017-08-21T16:32Z,36.78,65.3,0.56,31.66,76,0.42,30.17,84,0.36,14.32,33.9,0.42
LENO,LENO_061,tower,2018-07-23T14:49Z,42.3,36.8,1.15,44.62,46.1,0.97,44.35,67.6,0.66,42.87,92.3,0.46
LENO,LENO_061,tower,2018-07-23T15:10Z,45.07,34,1.33,46.54,55.5,0.84,45.62,62.1,0.73,44.47,82.3,0.54
LENO,LENO_062,tower,2018-07-23T15:37Z,45.44,40.6,1.12,46.43,65.6,0.71,45.06,76.5,0.59,44.19,108.4,0.41
LENO,LENO_062,tower,2018-07-23T15:56Z,45.59,45.7,1,46.18,57.7,0.8,45.49,82.5,0.55,43.15,88.5,0.49
LENO,LENO_063,tower,2018-07-23T17:38Z,45.85,42.5,1.08,45.28,37.4,1.21,44.3,80.6,0.55,43.69,95,0.46
LENO,LENO_063,tower,2018-07-23T17:52Z,41.71,36.4,1.15,44.95,52.2,0.86,45.435,91.45,0.5,44.03,100.3,0.44
LENO,LENO_064,tower,2018-07-30T16:17Z,41.07,41.1,1,45.02,71.5,0.63,44.65,87.6,0.51,44.57,106.1,0.42
LENO,LENO_064,tower,2018-07-30T16:46Z,43.43,47.7,0.91,44.24,75,0.59,44.72,97.2,0.46,45.58,125.1,0.365
LENO,LENO_065,tower,2018-07-24T12:52Z,45.46,42.9,1.06,46.28,62.5,0.74,46.43,77.4,0.6,44.41,59.2,0.75
LENO,LENO_065,tower,2018-07-24T13:07Z,41.12,34.3,1.2,46.71,55,0.85,46.03,65.8,0.7,44.36,85.3,0.52
LENO,LENO_066,tower,2018-07-30T17:19Z,44.5,51.2,0.87,45.18,70.6,0.64,45.31,90.6,0.5,43.84,97.4,0.45
LENO,LENO_066,tower,2018-07-30T17:30Z,45.93,42.5,1.08,46.83,66,0.71,46.04,73.1,0.63,47.07,112.1,0.42
LENO,LENO_067,tower,2018-07-23T13:58Z,44.51,44.55,1,44.55,56.4,0.79,49.13,82.2,0.6,48.55,88.2,0.55
LENO,LENO_067,tower,2018-07-23T14:16Z,42.88,41.4,1.04,48.97,50.5,0.97,48.97,69.4,0.71,46.25,80.2,0.58
LENO,LENO_068,tower,2018-07-23T16:57Z,45.66,42.6,1.07,49.02,58.45,0.84,48.61,80.4,0.6,47.53,63.7,0.75
LENO,LENO_068,tower,2018-07-23T17:10Z,47.43,29.4,1.61,47.34,43.1,1.1,47.52,56.4,0.84,46.67,51.9,0.9
LENO,LENO_069,tower,2018-07-30T19:34Z,51.2,44.5,1.15,50.28,64.1,0.78,48.85,85.1,0.57,47.07,112.6,0.42
LENO,LENO_069,tower,2018-07-30T20:08Z,49.83,30.3,1.65,50.28,46.8,1.07,49.76,52.8,0.94,47.83,44.8,1.07
LENO,LENO_070,tower,2018-07-30T18:34Z,43.89,43.9,1,49.82,73.3,0.68,48.99,83.2,0.59,49.32,98.5,0.5
LENO,LENO_070,tower,2018-07-30T18:58Z,49.84,39.8,1.25,49.67,62.6,0.79,47.92,61.9,0.77,49.25,102.8,0.48
MLBS,MLBS_061,tower,2018-08-13T14:36Z,48.74,45.8,1.17,49.27,61.1,0.91,49.37,83.4,0.7,47.09,79.4,0.7
MLBS,MLBS_061,tower,2018-08-13T19:16Z,50.44,45.5,1.19,48.39,54.7,0.96,50.445,97.1,0.62,47.46,102.5,0.56
MLBS,MLBS_062,tower,2018-08-17T14:01Z,48.76,52.8,1.03,48.96,83.6,0.7,49.07,102.5,0.58,45.275,91.6,0.6
MLBS,MLBS_063,tower,2018-08-14T12:53Z,49.92,43.5,1.26,49.44,59.9,0.94,48.69,78.1,0.73,46.42,93.8,0.6
MLBS,MLBS_063,tower,2018-08-14T13:15Z,50.71,38.3,1.43,50.16,55.1,1.02,48.54,62.5,0.88,46.85,108.1,0.53
MLBS,MLBS_064,tower,2018-08-13T18:40Z,48.72,43.9,1.22,50.22,70,0.83,49.99,78,0.75,47.57,86.3,0.66
MLBS,MLBS_064,tower,2018-08-13T18:57Z,49.13,37.7,1.41,48.47,39.4,1.34,47.82,67.1,0.82,46.72,76.2,0.72
MLBS,MLBS_065,tower,2018-08-20T13:24Z,44.85,51.2,0.98,45.37,62.2,0.84,47.17,90.4,0.63,46.05,100.6,0.56
MLBS,MLBS_065,tower,2018-08-20T13:41Z,48.595,41.05,1.29,47.49,41.4,1.25,46.71,74.6,0.67,44.51,72.1,0.65
MLBS,MLBS_066,tower,2018-08-15T12:46Z,44.75,42,1.14,45.75,53.4,0.925,45.09,58.2,0.82,43.69,55.6,0.84
MLBS,MLBS_066,tower,2018-08-15T12:59Z,48.36,50.8,1.01,47.13,53,0.95,48.08,89.7,0.57,44.21,76.1,0.62
MLBS,MLBS_067,tower,2018-08-14T12:12Z,48.54,44.4,1.18,46.06,50.1,0.99,44.85,75.7,0.63,45.19,97.8,0.49
MLBS,MLBS_067,tower,2018-08-14T12:35Z,46.52,45.8,1.09,47.2,60.4,0.83,46,110,0.44,44.41,83.7,0.56
MLBS,MLBS_068,tower,2018-08-17T12:13Z,47.87,49.2,1.05,47.5,67.9,0.75,46.49,82.9,0.59,44.63,94.6,0.5
MLBS,MLBS_068,tower,2018-08-17T12:38Z,50.21,55.6,0.96,47.54,68.8,0.74,47.14,104.8,0.48,44.94,149,0.31
MLBS,MLBS_069,tower,2018-08-16T12:56Z,49.27,49.4,1.08,49.34,71.8,0.75,48.42,87.2,0.6,45.94,98.8,0.51
MLBS,MLBS_069,tower,2018-08-16T13:12Z,48.02,44.4,1.17,47.51,60.9,0.83,47.52,91.5,0.545,44.6,87.3,0.54
MLBS,MLBS_070,tower,2018-08-17T13:04Z,49.2,47.3,1.15,47.78,70.4,0.74,47.28,111.1,0.46,46.245,77.7,0.65
MLBS,MLBS_070,tower,2018-08-17T13:30Z,48.57,45.5,1.15,47.14,64.3,0.8,46.49,76.7,0.66,45.71,103.9,0.48
MLBS,MLBS_071,tower,2018-08-20T14:46Z,49.75,55.3,0.98,47.8,59.1,0.88,45.92,95.1,0.53,44.72,104.1,0.47
MLBS,MLBS_071,tower,2018-08-20T15:03Z,47.64,55.6,0.93,48.31,77.5,0.68,44.76,92.4,0.52,41.77,107.6,0.43
MLBS,MLBS_072,tower,2018-08-20T14:06Z,46.73,43.7,1.17,46.01,58.5,0.86,46.05,81.3,0.62,45.8,89.7,0.56
MLBS,MLBS_072,tower,2018-08-20T14:22Z,45.58,45.9,1.07,45.92,53.2,0.95,46.95,84.3,0.6,45.45,90.9,0.54
MLBS,MLBS_073,tower,2018-08-15T12:03Z,49.15,43.1,1.14,46.76,62.6,0.75,46.94,89.2,0.53,46.74,93.5,0.5
MLBS,MLBS_073,tower,2018-08-15T12:24Z,50.75,52.4,1.055,48.94,52.4,1.03,47.6,67,0.71,45.97,82.6,0.56
MLBS,MLBS_074,tower,2018-08-16T12:18Z,49.55,44.9,1.1,49.02,60.7,0.81,46.89,72,0.65,45.6,80.4,0.57
MLBS,MLBS_074,tower,2018-08-16T12:34Z,47.96,44.3,1.08,47.87,57.6,0.83,46.08,57.7,0.8,44.21,49.8,0.89
MLBS,MLBS_075,tower,2018-08-20T11:50Z,47.71,62,0.77,47.3,103.5,0.46,45.64,114,0.4,44.38,136.7,0.32
MLBS,MLBS_075,tower,2018-08-20T12:35Z,51.65,55.5,0.93,50.14,74.5,0.67,48.97,98.7,0.5,45.77,116.2,0.39
MLBS,MLBS_076,tower,2018-08-17T15:17Z,46.87,48.2,0.97,46.39,60.7,0.76,45.965,88.75,0.52,45.18,106.5,0.42
MLBS,MLBS_076,tower,2018-08-17T15:32Z,44.89,46.3,0.97,48.13,63.8,0.75,47.17,99.3,0.48,45.64,82.7,0.55
MOAB,MOAB_044,tower,2017-08-23T18:21Z,45.25,47.5,0.95,46.62,68.4,0.68,40.84,32.1,1.27,41.82,44.5,0.94
MOAB,MOAB_045,tower,2017-08-09T19:52Z,34.5,32.5,1.06,31.78,43.5,0.73,36.51,34.4,1.06,NA,NA,NA
MOAB,MOAB_046,tower,2017-08-14T18:41Z,32.83,28.5,1.15,42.17,36.3,1.16,38.84,27.6,1.41,37.24,35.4,1.05
MOAB,MOAB_047,tower,2017-08-07T16:25Z,40.46,30.9,1.31,44.58,56.7,0.79,38.24,54.6,0.7,44.34,78.8,0.56
MOAB,MOAB_048,tower,2017-08-09T16:10Z,47.58,46.8,1.02,49.27,35.3,1.4,48.75,31.4,1.55,49.76,41.7,1.19
MOAB,MOAB_049,tower,2017-08-27T17:04Z,44.44,43.8,1.01,45.23,42.2,1.07,44.76,76.3,0.59,50.65,31.4,1.61
MOAB,MOAB_050,tower,2017-08-17T16:55Z,41.575,30.35,1.37,49.77,62.2,0.8,49.5,58.6,0.84,49.85,57.1,0.87
MOAB,MOAB_051,tower,2017-08-21T14:14Z,45.06,47.9,0.94,44.79,56.5,0.79,48.47,23.6,2.06,NA,NA,NA
MOAB,MOAB_052,tower,2017-08-15T14:49Z,43.53,39,1.12,46.44,43.5,1.07,49.42,30.4,1.62,47.41,33.5,1.41
MOAB,MOAB_053,tower,2017-08-15T13:37Z,42.46,45.7,0.93,47.6,57.9,0.82,47.37,29.1,1.63,45.83,25,1.83
MOAB,MOAB_054,tower,2017-08-07T17:08Z,27.04,21.9,1.23,36.43,35,1.04,46.67,41.4,1.13,45.975,40.2,1.14
MOAB,MOAB_055,tower,2017-08-14T16:10Z,41.06,33.8,1.22,45.29,46.1,0.98,35.52,29.8,1.19,40.44,28.1,1.44
MOAB,MOAB_056,tower,2017-08-14T17:05Z,46.77,52.1,0.9,47.06,54.2,0.87,48.9,71.2,0.69,48.81,69.9,0.7
MOAB,MOAB_057,tower,2017-08-21T16:04Z,37.93,34.4,1.1,42.74,46.8,0.91,43.04,52.2,0.82,NA,NA,NA
MOAB,MOAB_058,tower,2017-08-09T18:40Z,37.62,39.7,0.95,45.53,46.4,0.98,37.17,56,0.66,44.92,26.1,1.72
MOAB,MOAB_059,tower,2017-08-07T14:47Z,44.88,54.1,0.83,44.99,52.1,0.86,39.72,37.5,1.06,46.79,41.8,1.12
MOAB,MOAB_060,tower,2017-08-21T15:07Z,40.92,32.1,1.28,44.22,59.9,0.74,50.04,59.7,0.84,NA,NA,NA
MOAB,MOAB_061,tower,2017-08-15T15:52Z,37.13,39.2,0.95,40.77,44.6,0.91,22.7,46.7,0.49,NA,NA,NA
MOAB,MOAB_062,tower,2017-08-23T18:21Z,45.055,51.95,0.87,46.7,66.8,0.7,43.895,49.8,0.88,44.37,30.3,1.47
MOAB,MOAB_063,tower,2017-08-08T16:50Z,45.79,47.8,0.96,45.01,64.2,0.7,46.74,35.9,1.3,48.4,35.3,1.37
MOAB,MOAB_064,tower,2017-08-17T14:36Z,39.45,35.2,1.12,44.86,49.6,0.9,44.19,30.4,1.46,NA,NA,NA
MOAB,MOAB_065,tower,2017-08-08T14:44Z,45.99,53.8,0.86,47.21,65.5,0.72,44.24,75.9,0.58,NA,NA,NA
MOAB,MOAB_066,tower,2017-08-09T21:00Z,25.55,24.1,1.06,47.2,52.6,0.9,47.1,34.1,1.38,NA,NA,NA
MOAB,MOAB_067,tower,2017-08-09T17:11Z,42.55,35.5,1.2,40.19,39.7,1.01,NA,NA,NA,NA,NA,NA
MOAB,MOAB_068,tower,2017-08-07T15:21Z,34.77,24.4,1.42,43.98,41.3,1.06,51.09,37.9,1.35,50.51,28.3,1.79
MOAB,MOAB_069,tower,2017-08-09T14:55Z,32.33,33.5,0.97,46.12,52.8,0.87,47.03,43.5,1.08,NA,NA,NA
MOAB,MOAB_070,tower,2017-08-27T18:09Z,27.24,29.65,0.92,31.68,37.3,0.85,42.59,32.8,1.3,NA,NA,NA
MOAB,MOAB_071,tower,2017-08-17T15:41Z,37.47,32.2,1.16,25.54,30.1,0.85,33.48,27.4,1.22,NA,NA,NA
MOAB,MOAB_072,tower,2017-08-08T13:46Z,29.27,31.1,0.94,40.8,42.8,0.95,42.05,41.1,1.02,NA,NA,NA
MOAB,MOAB_073,tower,2017-08-08T15:54Z,25.32,30.5,0.83,44.49,46.6,0.95,NA,NA,NA,43.44,29.1,1.49
OAES,OAES_042,tower,2018-11-06T14:12Z,NA,NA,0.55,NA,NA,0.46,48.01,70.7,0.68,48.78,64.5,0.76
OAES,OAES_043,tower,2018-10-23T14:06Z,45.34,43.8,1.04,47.18,51.7,0.91,43.79,25.2,1.74,NA,NA,NA
OAES,OAES_044,tower,2018-10-23T13:05Z,41.6,56.9,0.73,38.05,54.2,0.7,46.21,55.5,0.83,41.38,55.2,0.75
OAES,OAES_045,tower,2018-11-06T15:09Z,41.43,27.8,1.49,44.14,32.5,1.36,44.32,34.2,1.3,37.74,22.4,1.68
OAES,OAES_046,tower,2018-10-30T13:41Z,44.6,33.6,1.33,42.92,24.3,1.76,43.43,25,1.74,47.195,39.6,1.2
OAES,OAES_047,tower,2018-11-13T14:41Z,45.15,89.1,0.51,NA,NA,0.45,NA,NA,NA,45.29,59.9,0.76
OAES,OAES_048,tower,2018-11-13T15:21Z,48.5,80,0.61,46.93,60.2,0.78,49.47,50.4,0.98,49.65,54.7,0.91
OAES,OAES_049,tower,2018-11-05T20:41Z,35.61,23.6,1.51,32.47,32.3,1.015,43.38,23.1,1.88,43.61,35,1.25
OAES,OAES_050,tower,2018-10-22T21:07Z,47.25,64.6,0.73,46.15,72.5,0.64,45.95,25.9,1.78,48.26,49.7,0.97
OAES,OAES_051,tower,2018-11-13T16:45Z,44.98,38.7,1.16,45,43.8,1.03,42.79,11.5,3.74,NA,NA,NA
OAES,OAES_052,tower,2018-10-22T21:39Z,46.62,56.6,0.82,39.76,50.1,0.79,46.46,47.1,0.99,NA,NA,NA
OAES,OAES_053,tower,2018-11-27T16:37Z,39.03,26.3,1.48,42.45,24.4,1.74,43.89,32.2,1.36,45.41,27.1,1.68
OAES,OAES_054,tower,2018-10-30T14:10Z,39.17,50.6,0.77,45.65,69.2,0.66,42.91,18.1,2.38,47.58,68.8,0.69
OAES,OAES_055,tower,2018-11-13T15:56Z,41.71,60.1,0.695,45.1,71.7,0.63,44.55,56.9,0.78,46.29,51.3,0.9
OAES,OAES_056,tower,2018-11-05T20:16Z,39.98,59.2,0.68,39.25,66.8,0.59,36.14,45.8,0.79,45.01,49.1,0.92
OAES,OAES_057,tower,2018-11-06T14:38Z,45.16,41.9,1.08,44.715,74.3,0.605,44.88,68.2,0.66,35.83,65.5,0.55
OAES,OAES_058,tower,2018-10-29T21:05Z,40.39,42.9,0.94,39.98,59.5,0.67,44.8,88.6,0.51,NA,NA,NA
OAES,OAES_059,tower,2018-11-27T16:07Z,45.84,47.2,0.97,45.07,29.8,1.51,47.8,35,1.37,46.92,19,2.47
OAES,OAES_060,tower,2018-10-23T14:35Z,40.48,36.2,1.12,41.1,40.1,1.02,44.76,59.4,0.75,47.43,64.5,0.73
OAES,OAES_061,tower,2018-11-27T15:42Z,42.48,34.2,1.24,46.24,34.5,1.34,43.59,27,1.61,44.62,31.7,1.41
OAES,OAES_062,tower,2018-11-13T14:13Z,44.14,75.8,0.58,NA,NA,0.34,NA,NA,0.39,NA,NA,NA
OAES,OAES_063,tower,2018-11-26T21:37Z,45.645,47.95,0.955,47.94,70.2,0.68,47.95,37.1,1.29,48.31,29.1,1.66
OAES,OAES_064,tower,2018-11-05T19:49Z,37.14,30.1,1.23,38.67,36.8,1.05,43.79,25.4,1.72,44.72,47.4,0.94
OAES,OAES_065,tower,2018-11-26T20:48Z,44.1,74,0.6,46.725,86.1,0.54,46.68,72.7,0.64,NA,NA,NA
OAES,OAES_066,tower,2018-11-26T22:02Z,44.72,57.3,0.78,44.86,39.5,1.14,46.29,32.5,1.43,46,31.9,1.44
OAES,OAES_067,tower,2018-11-13T17:07Z,38.4,55.3,0.69,46.5,45.8,1.01,40.34,55.5,0.73,48.18,72.7,0.66
OAES,OAES_068,tower,2018-10-30T12:51Z,42.16,30.4,1.39,45.84,19.4,2.36,44.45,16.6,2.67,NA,NA,NA
OAES,OAES_069,tower,2018-10-29T20:28Z,46.16,39.6,1.17,44.16,52.3,0.85,42.35,64.3,0.66,NA,NA,0.32
OAES,OAES_070,tower,2018-10-30T13:20Z,44.67,49.4,0.9,39.83,54.5,0.73,40.19,42.7,0.94,NA,NA,NA
OAES,OAES_071,tower,2018-10-22T20:14Z,43.11,51.1,0.84,42.715,56.7,0.76,40,53.7,0.75,NA,NA,NA
ONAQ,ONAQ_041,tower,2016-08-03T15:43Z,36,35.4,1,NA,NA,NA,NA,NA,NA,42,54.6,0.8
ONAQ,ONAQ_042,tower,2016-07-18T18:53Z,NA,NA,NA,NA,NA,NA,NA,NA,NA,42.4,45.6,0.9
ONAQ,ONAQ_043,tower,2016-07-18T17:58Z,39.4,32.9,1.2,38.2,35.5,1.1,45,55.3,0.8,47.6,90.7,0.5
ONAQ,ONAQ_044,tower,2016-08-03T16:13Z,34.9,36.6,1,NA,NA,NA,NA,NA,NA,NA,NA,NA
ONAQ,ONAQ_045,tower,2016-07-19T15:17Z,35.8,31.3,1.1,NA,NA,NA,NA,NA,NA,43.7,32.7,1.3
ONAQ,ONAQ_046,tower,2016-07-19T15:47Z,33.35,34.4,0.95,32.7,39.9,0.8,41.1,52.4,0.8,46.2,90.1,0.5
ONAQ,ONAQ_047,tower,2016-07-26T16:48Z,33.6,36,0.9,33.4,41.1,0.8,42.9,57.4,0.7,47.8,118.9,0.4
ONAQ,ONAQ_048,tower,2016-07-20T15:20Z,26.5,29,0.9,NA,NA,NA,NA,NA,NA,NA,NA,NA
ONAQ,ONAQ_049,tower,2016-07-21T15:33Z,42,34.6,1.2,NA,NA,NA,NA,NA,NA,NA,NA,NA
ONAQ,ONAQ_050,tower,2016-08-09T17:13Z,29.7,34.6,0.9,NA,NA,NA,39.6,52.1,0.8,NA,NA,NA
ONAQ,ONAQ_051,tower,2016-07-20T16:32Z,33.8,29.6,1.1,NA,NA,NA,36.2,42.9,0.8,41.3,81.8,0.5
ONAQ,ONAQ_052,tower,2016-07-20T15:58Z,34.2,42.9,0.8,NA,NA,NA,NA,NA,NA,NA,NA,NA
ONAQ,ONAQ_053,tower,2016-07-26T15:51Z,38.5,30.95,1.25,NA,NA,NA,NA,NA,NA,48.7,123.5,0.4
ONAQ,ONAQ_054,tower,2016-07-28T16:21Z,38,30.1,1.25,NA,NA,NA,NA,NA,NA,NA,NA,NA
ONAQ,ONAQ_055,tower,2016-07-28T15:47Z,28,28.2,1,29.6,28.8,1,NA,NA,NA,NA,NA,NA
ONAQ,ONAQ_056,tower,2016-08-03T15:18Z,36.4,35.6,1,NA,NA,NA,NA,NA,NA,NA,NA,NA
ONAQ,ONAQ_057,tower,2016-08-04T15:21Z,33.5,33.6,1,NA,NA,NA,44.5,43.5,1,47.1,69.3,0.7
ONAQ,ONAQ_058,tower,2016-08-01T15:41Z,NA,NA,NA,NA,NA,NA,44,49.9,0.9,NA,NA,NA
ONAQ,ONAQ_059,tower,2016-08-08T17:00Z,34.1,36.8,0.9,36.4,48.8,0.7,NA,NA,NA,41.8,73.1,0.6
ONAQ,ONAQ_060,tower,2016-07-21T16:43Z,36.8,36.5,1,32.9,33.9,1,44.2,40.8,1.1,39.4,60.9,0.6
ONAQ,ONAQ_061,tower,2016-07-21T16:11Z,28.6,30.7,0.9,NA,NA,NA,NA,NA,NA,40.8,60.3,0.7
ONAQ,ONAQ_062,tower,2016-07-25T17:38Z,32.1,35.7,0.9,30.4,43.3,0.7,NA,NA,NA,40.4,52.9,0.8
ONAQ,ONAQ_063,tower,2016-07-25T18:29Z,23,30.7,0.8,NA,NA,NA,NA,NA,NA,NA,NA,NA
ONAQ,ONAQ_064,tower,2016-08-01T15:13Z,34.6,31.3,1.1,NA,NA,NA,NA,NA,NA,NA,NA,NA
ONAQ,ONAQ_065,tower,2016-07-27T15:18Z,33.9,28.8,1.2,NA,NA,NA,NA,NA,NA,NA,NA,NA
ONAQ,ONAQ_066,tower,2016-08-04T15:49Z,35.3,39.1,0.9,35.4,46,0.8,41.4,52,0.8,47.6,92.3,0.5
ONAQ,ONAQ_067,tower,2016-08-25T16:55Z,NA,NA,NA,31.5,36.6,0.9,40,45.9,0.9,49.1,79.3,0.6
ONAQ,ONAQ_068,tower,2016-08-02T15:10Z,35.4,26.6,1.3,NA,NA,NA,NA,NA,NA,NA,NA,NA
ONAQ,ONAQ_069,tower,2016-08-08T17:51Z,32.1,36.3,0.9,NA,NA,NA,NA,NA,NA,37.1,66.1,0.6
ONAQ,ONAQ_070,tower,2016-08-02T15:37Z,34.3,38.8,0.9,NA,NA,NA,NA,NA,NA,48.5,126.7,0.4
ORNL,ORNL_036,tower,2017-08-03T14:09Z,51.01,45.5,1.12,51.11,62.8,0.81,51.3,100.1,0.51,49.07,117.1,0.42
ORNL,ORNL_036,tower,2017-08-03T14:19Z,NA,NA,NA,48.18,42.4,1.14,48.47,85.8,0.56,47.05,66.1,0.71
ORNL,ORNL_037,tower,2017-08-07T12:44Z,49.37,43.8,1.13,48.57,54.8,0.89,49.6,71.1,0.7,49.06,103,0.48
ORNL,ORNL_037,tower,2017-08-07T12:57Z,48.66,53.8,0.9,50.86,67.3,0.76,49.37,86.1,0.57,48.73,106,0.46
ORNL,ORNL_043,tower,2017-08-09T13:14Z,47.46,50.1,0.95,50.49,73.75,0.685,49.52,94,0.53,49.465,142.25,0.345
ORNL,ORNL_043,tower,2017-08-09T13:24Z,46.75,54.9,0.85,49.78,78.2,0.635,51.15,92.1,0.56,48.65,120.8,0.4
ORNL,ORNL_045,tower,2017-08-03T13:20Z,48.06,64.7,0.74,51.03,60.1,0.85,50.79,79.9,0.64,47.61,52.6,0.91
ORNL,ORNL_045,tower,2017-08-03T13:32Z,50.78,106.3,0.48,48.41,53.8,0.9,52.34,86.6,0.6,48.38,78.6,0.75
ORNL,ORNL_046,tower,2017-08-08T13:06Z,49.26,52.4,0.94,49.84,66.7,0.75,51.06,103.9,0.49,49.88,105.1,0.47
ORNL,ORNL_046,tower,2017-08-08T13:21Z,48.05,68.1,0.71,49.33,85.3,0.58,50.7,109.5,0.46,49.09,113.9,0.43
ORNL,ORNL_049,tower,2017-08-02T12:46Z,34,32.8,1.04,46.11,45.1,1.02,47.64,71.2,0.67,48.89,95.8,0.51
ORNL,ORNL_049,tower,2017-08-02T12:56Z,44.825,36.7,1.225,46.44,47.9,0.97,48.455,55.5,0.88,49.72,70.5,0.71
ORNL,ORNL_050,tower,2017-08-03T12:10Z,47.45,42.3,1.12,46.69,37.7,1.24,43.83,56.1,0.78,46.88,94.3,0.5
ORNL,ORNL_050,tower,2017-08-03T12:17Z,49.62,45.1,1.1,48.02,46,1.04,48.67,82.6,0.59,50.12,116.3,0.43
ORNL,ORNL_051,tower,2017-08-07T13:58Z,44.17,46.2,0.96,46.33,56.9,0.82,47.81,91.2,0.52,48.54,118,0.41
ORNL,ORNL_051,tower,2017-08-07T14:19Z,48.9,43.6,1.12,48.86,68.4,0.71,48.04,92.2,0.52,47.39,95.5,0.5
ORNL,ORNL_052,tower,2017-07-31T14:26Z,47.385,47,1.02,48.97,61.6,0.79,48.31,98.1,0.49,48.445,152.6,0.32
ORNL,ORNL_052,tower,2017-07-31T14:43Z,47.47,50.3,0.94,51.155,78.3,0.655,50.16,93.3,0.54,48.14,122.2,0.39
ORNL,ORNL_053,tower,2017-08-08T13:36Z,44.89,41.4,1.08,49.67,60.8,0.82,48.95,68.1,0.72,48.17,129.5,0.37
ORNL,ORNL_053,tower,2017-08-08T13:47Z,45.74,39.4,1.16,46.48,39,1.19,48.78,81.9,0.6,48.29,96.8,0.5
ORNL,ORNL_054,tower,2017-08-03T12:40Z,47.92,43.7,1.1,47.25,50.8,0.93,49.54,96.9,0.51,45.14,87.1,0.52
ORNL,ORNL_054,tower,2017-08-03T12:54Z,48.96,43.7,1.12,48.79,42,1.16,49.04,68.4,0.72,48.15,73.7,0.65
ORNL,ORNL_055,tower,2017-08-01T12:39Z,46.42,31,1.5,48.71,25.8,1.89,49.44,48.6,1.02,49.26,74,0.67
ORNL,ORNL_055,tower,2017-08-01T12:49Z,49.69,41.9,1.19,48.485,48.65,0.995,49.13,58.2,0.84,51.69,81.5,0.63
ORNL,ORNL_056,tower,2017-08-01T13:24Z,47.96,42.9,1.12,48.62,45.2,1.08,47.85,57.1,0.84,49.09,94.1,0.52
ORNL,ORNL_056,tower,2017-08-01T13:35Z,48.18,37.6,1.28,50.29,65.6,0.77,50.37,61.7,0.82,47.08,59.4,0.79
ORNL,ORNL_057,tower,2017-08-02T13:31Z,49.95,44.6,1.12,49.71,60.1,0.83,48.99,73.7,0.67,48.94,126.7,0.39
ORNL,ORNL_057,tower,2017-08-02T13:58Z,49.48,38.2,1.29,49.055,60.6,0.81,50,63.5,0.79,47.48,71.2,0.67
ORNL,ORNL_058,tower,2017-08-09T13:35Z,47.54,50.7,0.94,50.43,72.6,0.69,47.72,99.3,0.48,47.56,100.6,0.47
ORNL,ORNL_058,tower,2017-08-09T13:47Z,48.85,43.3,1.13,50.35,65.6,0.77,48.45,65.1,0.74,47,103.4,0.45
ORNL,ORNL_059,tower,2017-08-08T14:14Z,47.92,51.5,0.93,47.85,65.7,0.73,48.01,92.8,0.52,48.76,107,0.46
ORNL,ORNL_059,tower,2017-08-08T14:26Z,44.97,48.1,0.94,47.94,52.4,0.92,48.33,68.4,0.71,48.06,100.1,0.48
ORNL,ORNL_060,tower,2017-08-09T12:41Z,47.41,45,1.05,48.48,54.1,0.9,48.4,70.6,0.69,47.34,82.4,0.57
ORNL,ORNL_060,tower,2017-08-09T12:56Z,48.16,36.8,1.31,48.82,61.7,0.79,48.17,69.5,0.69,48.705,69.9,0.7
ORNL,ORNL_061,tower,2017-08-07T13:21Z,45.65,39.2,1.16,48.48,62.2,0.78,47.58,72.3,0.66,47.57,97,0.49
ORNL,ORNL_061,tower,2017-08-07T13:34Z,47.17,42,1.12,48.94,54.3,0.9,48.56,88.9,0.55,49.06,107.3,0.46
ORNL,ORNL_062,tower,2017-07-31T13:45Z,51.32,52,0.99,52.77,77.2,0.68,50.91,98.9,0.51,49.58,174.4,0.28
ORNL,ORNL_062,tower,2017-07-31T14:00Z,47.96,43.1,1.11,50.41,67.9,0.74,49.64,64.9,0.76,49.45,130.9,0.38
ORNL,ORNL_063,tower,2017-08-02T12:05Z,45.33,36.4,1.24,48.34,51.8,0.93,48.27,59.8,0.81,48.81,77.7,0.63
ORNL,ORNL_063,tower,2017-08-02T12:26Z,47.2,37.4,1.26,48.085,40.6,1.185,49.91,55.8,0.89,48.89,89.7,0.54
SCBI,SCBI_045,tower,2017-09-11T18:50Z,44.18,24,1.84,43.75,22.7,1.93,47.28,39.6,1.19,45.51,60.1,0.76
SCBI,SCBI_045,tower,2017-09-11T19:32Z,42.1,24.8,1.7,44.975,22.3,2.015,45.64,38,1.2,45.52,98.6,0.46
SCBI,SCBI_046,tower,2017-08-23T15:12Z,43.43,32.6,1.33,45.01,35.8,1.26,47.24,47.4,1,45.64,61.5,0.74
SCBI,SCBI_046,tower,2017-08-23T15:56Z,37.43,33.7,1.11,45.24,36.7,1.23,46.74,70.6,0.66,45.55,98.8,0.46
SCBI,SCBI_047,tower,2017-09-13T15:30Z,43.56,32.3,1.35,45.64,26.1,1.75,43.16,34.7,1.25,47.26,63,0.75
SCBI,SCBI_047,tower,2017-09-13T15:57Z,34.9,30.8,1.13,43.62,27.15,1.61,46.05,45.8,1.01,46.66,70.5,0.66
SCBI,SCBI_048,tower,2017-09-05T18:09Z,39.58,23.3,1.7,40.33,21.2,1.9,45.76,38.5,1.19,47.44,54.2,0.87
SCBI,SCBI_048,tower,2017-09-05T18:55Z,41.62,26.4,1.58,45.2,20.1,2.25,47.21,32.2,1.47,45.95,57.5,0.8
SCBI,SCBI_049,tower,2017-08-23T13:38Z,40.05,29.9,1.34,41.61,29.8,1.39,45.04,44.8,1.01,44.59,70.2,0.63
SCBI,SCBI_049,tower,2017-08-23T14:00Z,45.44,40.8,1.12,44.59,42.5,1.05,47.43,77.2,0.61,45.95,106.3,0.43
SCBI,SCBI_050,tower,2017-09-07T13:41Z,43.25,22.5,1.92,44.24,23.55,1.885,46.53,30.1,1.55,45.5,59.5,0.77
SCBI,SCBI_050,tower,2017-09-07T14:09Z,42.83,22.2,1.93,42.37,19.4,2.19,45.97,54.2,0.85,49.61,26.9,1.84
SCBI,SCBI_051,tower,2017-08-23T17:39Z,45.36,25.4,1.79,47.63,25.6,1.86,48.85,37.8,1.29,47.63,69.7,0.68
SCBI,SCBI_051,tower,2017-08-23T18:30Z,47.08,31.6,1.49,45.72,21.9,2.09,45.46,51.2,0.89,46.16,50.5,0.91
SCBI,SCBI_052,tower,2017-08-28T13:28Z,36.38,18.9,1.92,38.71,19.4,2,40.57,25.4,1.6,45.3,40.5,1.12
SCBI,SCBI_052,tower,2017-08-28T14:01Z,41.53,18.6,2.23,43.71,24.8,1.76,47.47,81.8,0.58,45.8,49.2,0.93
SCBI,SCBI_053,tower,2017-08-28T15:41Z,43.77,30.2,1.45,44.29,32.85,1.35,46.4,46.1,1.01,45.14,84.6,0.53
SCBI,SCBI_053,tower,2017-08-28T16:35Z,39.15,29.1,1.35,45.26,52.1,0.87,47.25,49.8,0.95,45.08,68.6,0.66
SCBI,SCBI_054,tower,2017-08-30T13:29Z,45.04,17.3,2.61,45.57,24.3,1.88,46.19,34.8,1.33,45.01,52.3,0.86
SCBI,SCBI_054,tower,2017-08-30T14:03Z,10.68,13.4,0.8,40.43,18.4,2.2,44.04,21.6,2.04,45,36.8,1.22
SCBI,SCBI_055,tower,2017-09-05T16:23Z,38.63,29.7,1.3,40.25,32.9,1.22,45.25,37.5,1.21,45.01,78.6,0.57
SCBI,SCBI_055,tower,2017-09-05T17:06Z,48.35,56.6,0.85,42.76,34,1.26,47.17,88.8,0.53,44.96,89.7,0.5
SCBI,SCBI_056,tower,2017-09-07T14:55Z,40.02,17.8,2.26,44.17,19.7,2.24,47.12,36.3,1.3,46.77,33.5,1.4
SCBI,SCBI_056,tower,2017-09-07T15:47Z,44.13,25.7,1.72,43.9,26.6,1.65,46.92,46.8,1,46.74,62.6,0.75
SCBI,SCBI_057,tower,2017-09-11T16:25Z,46.71,44.2,1.06,43.38,29.7,1.46,45.39,54.8,0.83,46.76,80.7,0.58
SCBI,SCBI_057,tower,2017-09-11T17:20Z,46.45,43.1,1.08,47.01,39.2,1.2,48.29,56.9,0.85,46.71,65.7,0.71
SCBI,SCBI_058,tower,2017-08-28T18:28Z,36.5,23.7,1.54,42.05,22,1.91,45.51,35,1.3,45.26,63.8,0.71
SCBI,SCBI_058,tower,2017-08-28T19:10Z,43.47,31.6,1.38,44.035,24.95,1.765,45.47,36,1.26,46.52,59.1,0.79
SCBI,SCBI_061,tower,2017-09-11T13:45Z,45.25,22.7,2,42.35,18.1,2.34,45.95,28,1.64,45.89,52.3,0.88
SCBI,SCBI_061,tower,2017-09-11T14:31Z,44.46,20.6,2.16,44.15,18.4,2.4,45.92,32.3,1.42,45.79,47.4,0.97
SCBI,SCBI_062,tower,2017-08-21T19:21Z,39.94,29.6,1.35,42.84,28.9,1.48,43.26,38.9,1.11,45.56,68.6,0.66
SCBI,SCBI_062,tower,2017-08-21T20:00Z,40.99,32.3,1.27,41.85,28.9,1.45,45.32,42.3,1.07,45.56,70.4,0.65
SCBI,SCBI_063,tower,2017-08-30T17:28Z,46.1,33.5,1.38,44.65,25.1,1.78,48.07,36.7,1.31,46.22,74.4,0.62
SCBI,SCBI_063,tower,2017-08-30T18:05Z,44.92,29,1.55,44.23,26.1,1.69,45.63,57.5,0.79,47.79,77.75,0.615
SCBI,SCBI_064,tower,2017-09-05T14:13Z,45.76,38.1,1.2,47.75,86.1,0.55,45.49,69.3,0.66,46.48,63,0.74
SCBI,SCBI_064,tower,2017-09-05T15:04Z,34.52,26.9,1.28,43.58,38.9,1.12,46.48,33.3,1.4,44.95,90.6,0.5
SCBI,SCBI_066,tower,2017-08-30T15:06Z,47.25,58.5,0.81,38.53,27.2,1.41,47.37,75.2,0.63,47.16,99.6,0.47
SCBI,SCBI_066,tower,2017-08-30T15:35Z,45.72,31,1.48,48.94,64.3,0.76,45.67,70.6,0.65,45.29,70.7,0.64
SCBI,SCBI_067,tower,2017-09-13T13:52Z,49.16,30.3,1.62,43.66,27.1,1.61,48.08,83,0.58,45.86,54.3,0.84
SCBI,SCBI_067,tower,2017-09-13T14:20Z,NA,NA,NA,46.69,38.9,1.2,43.64,57.8,0.755,43.02,22.7,1.9
SOAP,SOAP_031,tower,2018-07-09T15:07Z,47.28,48.3,0.98,50.84,79.5,0.64,NA,NA,0.53,47.65,46,1.03
SOAP,SOAP_031,tower,2018-07-09T15:43Z,46.19,38.1,1.21,50.01,49.8,1,49.32,59.5,0.82,49.45,59.6,0.82
SOAP,SOAP_043,tower,2018-08-07T18:07Z,45.47,38,1.19,48.59,61.5,0.78,47.74,69.8,0.68,48.29,88.5,0.54
SOAP,SOAP_043,tower,2018-08-07T18:59Z,46.75,47.3,0.98,48.91,64.1,0.76,50.23,55.1,0.9,NA,NA,0.53
SOAP,SOAP_044,tower,2018-08-07T16:12Z,42.58,27.9,1.51,47.41,54.8,0.86,49.12,76,0.64,NA,NA,0.37
SOAP,SOAP_044,tower,2018-08-07T16:21Z,47.33,54.2,0.86,46.36,61.9,0.74,47.75,64.75,0.735,47.06,80.3,0.58
SOAP,SOAP_045,tower,2018-07-23T18:16Z,45,43.5,1.02,48.85,48.5,0.99,49.86,73.7,0.68,50.09,55.5,0.905
SOAP,SOAP_045,tower,2018-07-23T18:42Z,45.84,29.6,1.53,49.3,34.6,1.41,50.5,59.4,0.84,49.19,57.2,0.85
SOAP,SOAP_046,tower,2018-07-30T15:32Z,44.77,48.6,0.92,47.77,45.6,1.05,48.15,57.6,0.84,48.58,142.4,0.34
SOAP,SOAP_046,tower,2018-07-30T15:53Z,48.2,45.8,1.05,49.3,62.8,0.78,49.44,83.8,0.59,53.66,62.6,0.86
SOAP,SOAP_047,tower,2018-07-23T16:34Z,46.61,36.2,1.29,50.7,50.8,1,49.47,50.6,0.98,48.75,69.7,0.7
SOAP,SOAP_047,tower,2018-07-23T17:00Z,46.02,56.1,0.82,51.84,64.7,0.8,50.38,66.1,0.76,48.96,75.3,0.65
SOAP,SOAP_048,tower,2018-08-06T16:48Z,48.14,45.5,1.065,46.31,45.7,1.01,50.86,88.6,0.57,NA,NA,0.31
SOAP,SOAP_048,tower,2018-08-06T17:39Z,48.89,49.9,0.98,48.4,59.9,0.81,NA,NA,0.52,51.29,75.6,0.68
SOAP,SOAP_049,tower,2018-07-09T16:22Z,48.92,42.5,1.15,49.26,59.8,0.82,51.12,56,0.91,48.08,47.1,1.02
SOAP,SOAP_049,tower,2018-07-09T16:43Z,50.38,44.7,1.13,50.43,54.95,0.915,50.74,60.6,0.84,49.78,52,0.96
SOAP,SOAP_050,tower,2018-07-24T15:32Z,45.94,37,1.24,47.47,41.7,1.14,47.22,46.1,1.02,45.97,39.4,1.17
SOAP,SOAP_050,tower,2018-07-24T16:20Z,39.06,47.9,0.81,47.95,79.3,0.6,48.42,88.8,0.55,NA,NA,NA
SOAP,SOAP_051,tower,2018-07-31T17:11Z,45.31,41.5,1.09,46.92,62.6,0.75,49.04,56.6,0.87,50.61,50.8,1
SOAP,SOAP_051,tower,2018-07-31T17:59Z,43.09,31.5,1.37,46.94,43.1,1.09,49.51,60.4,0.82,45.08,26,1.73
SOAP,SOAP_052,tower,2018-07-31T19:41Z,46.45,40.7,1.14,46.6,39.2,1.19,48.39,62.7,0.77,48.66,45.9,1.06
SOAP,SOAP_052,tower,2018-07-31T20:03Z,40.65,35.6,1.14,43.03,50.8,0.85,44.84,71.8,0.62,48.81,91.2,0.535
SOAP,SOAP_053,tower,2018-07-23T15:29Z,46.9,50.3,0.93,48.74,52.6,0.93,49.65,63.2,0.79,49.46,60.1,0.82
SOAP,SOAP_053,tower,2018-07-23T15:55Z,46.87,50,0.935,47.77,65.7,0.73,48.14,82.1,0.59,NA,NA,0.36
SOAP,SOAP_054,tower,2018-07-30T14:31Z,48.53,42.9,1.13,49.7,62.5,0.8,48.39,59.9,0.81,NA,NA,0.53
SOAP,SOAP_054,tower,2018-07-30T14:47Z,48.93,43.2,1.13,49.77,51.7,0.96,51.09,98.2,0.52,NA,NA,0.58
SOAP,SOAP_055,tower,2018-07-25T15:58Z,48.12,41,1.17,49.13,53.2,0.92,48.86,53.5,0.91,50.28,82.2,0.61
SOAP,SOAP_055,tower,2018-07-25T16:35Z,48.93,64.1,0.76,47.7,59.1,0.81,48.56,83.4,0.58,48.14,51.8,0.93
SOAP,SOAP_056,tower,2018-07-09T17:56Z,49.92,44,1.13,51.005,52.6,0.975,49.52,67.2,0.74,50.28,76.8,0.66
SOAP,SOAP_056,tower,2018-07-09T18:19Z,50.01,48.2,1.04,49.74,48.6,1.02,49.4,64.2,0.77,NA,NA,0.38
SOAP,SOAP_057,tower,2018-07-11T14:38Z,45.63,41.9,1.09,44.62,52.9,0.84,49.035,92.8,0.53,47.28,44.6,1.06
SOAP,SOAP_057,tower,2018-07-11T14:51Z,46.89,35.8,1.31,49.28,39.6,1.25,49.77,42.1,1.18,50.83,52.8,0.96
SOAP,SOAP_058,tower,2018-07-25T14:48Z,48.37,41.2,1.17,48.35,45.9,1.05,48.97,86.9,0.56,49.39,61.3,0.81
SOAP,SOAP_058,tower,2018-07-25T15:09Z,46.48,35.6,1.31,46.3,48.2,0.96,46.52,48.4,0.96,48.56,52,0.93
SOAP,SOAP_059,tower,2018-07-24T17:40Z,50.94,46.4,1.1,49.5,51.3,0.97,NA,NA,NA,49.78,70,0.71
SOAP,SOAP_059,tower,2018-07-24T18:05Z,49.49,47.3,1.05,48.42,50.5,0.96,51.1,64.5,0.79,50.94,85.6,0.6
SOAP,SOAP_060,tower,2018-07-30T16:53Z,47.12,36.7,1.29,49.76,52.2,0.95,49.87,52.4,0.95,49.29,45.5,1.08
SOAP,SOAP_060,tower,2018-07-30T17:12Z,45.31,43.45,1.05,47.65,43.1,1.11,50.23,57.8,0.87,NA,NA,NA
SOAP,SOAP_061,tower,2018-07-11T16:15Z,48.08,52.4,0.92,49.05,62.6,0.78,47.55,55.8,0.85,48.63,60.1,0.81
SOAP,SOAP_061,tower,2018-07-11T16:36Z,44.89,45.2,0.99,46.05,49.1,0.94,47.175,65.9,0.715,NA,NA,0.41
STEI,STEI_046,tower,2017-07-24T18:41Z,47.84,62.3,0.77,47.495,84.5,0.56,47.85,74.2,0.64,46.84,194.3,0.24
STEI,STEI_046,tower,2017-07-24T19:07Z,45.94,46.6,0.99,48.37,88,0.55,46.29,104.8,0.44,46.48,178.5,0.26
STEI,STEI_047,tower,2017-07-14T21:37Z,46.04,47.7,0.96,48.46,65.1,0.74,48.96,73.8,0.66,47.35,132.6,0.36
STEI,STEI_047,tower,2017-07-24T22:12Z,48.63,45,1.08,51.95,67.4,0.77,51.4,72,0.71,46.72,143.8,0.32
STEI,STEI_048,tower,2017-07-26T16:04Z,42.48,39.7,1.07,44.65,52.5,0.85,43.95,71,0.62,47.35,65.1,0.73
STEI,STEI_048,tower,2017-07-26T16:30Z,38.83,29.1,1.33,47.805,44.7,1.07,45.46,66.2,0.69,47.35,87.5,0.54
STEI,STEI_049,tower,2017-07-18T05:25Z,45.43,41.9,1.08,40.3,46.5,0.87,44.25,58,0.76,47.67,92.5,0.52
STEI,STEI_050,tower,2017-07-18T18:10Z,44.3,42.4,1.05,48.25,50.2,0.96,50.8,80.6,0.63,49.03,140.6,0.35
STEI,STEI_050,tower,2017-07-18T18:40Z,47.3,35.6,1.33,50.74,57,0.89,49.63,71.2,0.7,47.34,110.5,0.43
STEI,STEI_051,tower,2017-08-01T16:12Z,44.45,42.9,1.04,48.6,68.8,0.71,46.75,104.6,0.45,46.22,143.7,0.32
STEI,STEI_051,tower,2017-08-01T16:46Z,46.28,46.7,0.99,47.65,78.2,0.61,49.2,81.9,0.6,47.03,133.5,0.35
STEI,STEI_052,tower,2017-08-01T17:19Z,46.14,32,1.44,47.54,52.4,0.91,47.63,80.8,0.59,46.4,160.3,0.29
STEI,STEI_052,tower,2017-08-01T17:44Z,39.17,27.2,1.44,39.96,38,1.05,43.98,59.5,0.74,46.87,88.9,0.53
STEI,STEI_053,tower,2017-07-24T19:55Z,44.13,49.2,0.9,42.91,51.1,0.84,47.64,79.1,0.6,46.53,80.8,0.58
STEI,STEI_053,tower,2017-07-24T20:50Z,46.2,41.5,1.11,47.82,65.6,0.73,48.01,92.4,0.52,47.54,72.2,0.66
STEI,STEI_054,tower,2017-07-26T05:20Z,39.91,32.9,1.21,45.82,53.5,0.86,46.25,72.6,0.64,45.49,97.5,0.47
STEI,STEI_054,tower,2017-07-26T05:45Z,47.78,31.3,1.53,48.87,44.7,1.095,48.46,66.2,0.73,46.35,81.6,0.57
STEI,STEI_055,tower,2017-08-01T21:21Z,43.94,42.2,1.04,46.67,59.2,0.79,49.21,78.8,0.62,46.64,70.9,0.66
STEI,STEI_055,tower,2017-08-01T21:40Z,40.88,43.6,0.94,45.4,66.5,0.68,49.5,77,0.64,46.67,54.1,0.86
STEI,STEI_056,tower,2017-07-18T15:06Z,39.69,41.4,0.96,47.78,59.1,0.81,45.2,54.6,0.83,48.8,91.1,0.54
STEI,STEI_056,tower,2017-07-18T15:21Z,46.8,50.2,0.93,50.19,86.8,0.58,48.76,99.4,0.49,47.57,86.8,0.55
STEI,STEI_057,tower,2017-07-18T16:08Z,46.5,35.3,1.32,45.81,47.7,0.96,46.9,58.6,0.8,47.35,81.8,0.58
STEI,STEI_057,tower,2017-07-18T16:30Z,41.15,42.9,0.96,44.515,51.7,0.865,45.12,67.5,0.67,47.08,80.8,0.58
STEI,STEI_058,tower,2017-08-01T20:25Z,46.57,46,1.01,48.41,56.7,0.85,49.33,100.9,0.49,49.44,183.7,0.27
STEI,STEI_058,tower,2017-08-01T20:55Z,44.02,41.9,1.05,47.05,82.2,0.57,48.07,70.2,0.69,48.26,124.7,0.39
STEI,STEI_059,tower,2017-07-18T14:27Z,47.63,33.6,1.42,48.975,53.3,0.93,49.1,65.1,0.75,47.68,60.6,0.79
STEI,STEI_059,tower,2017-07-18T14:40Z,48.7,53.5,0.91,49.26,86.2,0.57,48.04,96.5,0.5,48.63,160.2,0.3
STEI,STEI_060,tower,2017-07-24T16:00Z,49.43,66.6,0.74,45.07,50.5,0.89,49.39,84.4,0.59,48.76,144.2,0.34
STEI,STEI_060,tower,2017-07-24T16:25Z,51.66,43,1.2,50.17,50,1,48.85,47.6,1.03,48.74,122.1,0.4
STEI,STEI_061,tower,2017-08-01T19:34Z,44.69,37.3,1.2,46.17,54.2,0.85,43.87,75.8,0.58,47.64,138.5,0.34
STEI,STEI_061,tower,2017-08-01T19:54Z,44.75,45.7,0.98,48.18,61.1,0.79,49,74,0.66,47.04,115.9,0.41
STEI,STEI_062,tower,2017-07-24T16:50Z,48.5,49.3,0.98,51.83,70.6,0.73,51.77,95,0.55,50.185,136.25,0.37
STEI,STEI_062,tower,2017-07-24T16:59Z,45.78,34.4,1.33,50.74,53.4,0.95,47.81,48.2,0.99,50.32,82.9,0.61
STER,STER_007,tower,2017-08-23T17:30Z,43.62,32.4,1.34,NA,NA,NA,NA,NA,NA,NA,NA,NA
STER,STER_008,tower,2017-08-28T17:40Z,43.81,27.4,1.61,45.14,29.3,1.54,NA,NA,NA,NA,NA,NA
STER,STER_009,tower,2017-08-28T16:33Z,41.92,19.1,2.19,38.57,19.2,2.01,NA,NA,NA,NA,NA,NA
STER,STER_010,tower,2017-08-23T17:52Z,43.2,38.4,1.13,NA,NA,NA,NA,NA,NA,NA,NA,NA
STER,STER_011,tower,2017-08-23T17:10Z,41.42,20.6,2.01,NA,NA,NA,NA,NA,NA,NA,NA,NA
STER,STER_012,tower,2017-08-23T06:18Z,41.91,23.3,1.8,NA,NA,NA,NA,NA,NA,NA,NA,NA
STER,STER_013,tower,2017-08-28T16:50Z,44.23,24.5,1.81,40.75,37,1.1,NA,NA,NA,NA,NA,NA
STER,STER_014,tower,2017-08-28T17:20Z,40.92,22,1.86,46.02,35.8,1.29,NA,NA,NA,NA,NA,NA
STER,STER_015,tower,2017-08-23T16:30Z,39.98,23.8,1.68,38.41,33.5,1.15,NA,NA,NA,NA,NA,NA
STER,STER_016,tower,2017-08-28T16:08Z,41.52,24.4,1.7,45.11,29.2,1.54,NA,NA,NA,NA,NA,NA
TALL,TALL_042,tower,2017-07-24T16:43Z,46.465,47.35,0.985,46.26666667,46.06666667,1.003333333,45.795,71.45,0.645,46.245,144.2,0.36
TALL,TALL_043,tower,2017-07-24T16:43Z,45.54,42.35,1.08,46.76,56.35,0.83,46.9,71,0.66,48.925,205.55,0.25
TALL,TALL_044,tower,2017-07-17T17:17Z,43.695,45.05,0.975,46.33666667,65.06666667,0.71,46.105,75.85,0.625,45.42,140.7,0.33
TALL,TALL_045,tower,2017-07-17T17:17Z,41.47,39.95,1.04,44.08,55.15,0.8,47.765,78.2,0.61,47.78,175.95,0.275
TALL,TALL_046,tower,2017-07-24T14:50Z,44.185,37.75,1.175,45.74333333,45.5,1.02,46.185,80.4,0.6,46.485,106.75,0.47
TALL,TALL_047,tower,2017-08-01T14:20Z,42.62,42.7,1.035,46.0575,48.95,0.95,47.135,74.1,0.65,46.39,110.2,0.43
TALL,TALL_048,tower,2017-07-17T14:05Z,46.99,65.75,0.72,44.935,84.75,0.54,48,109.45,0.45,47.11,424.7333333,0.136666667
TALL,TALL_049,tower,2017-07-24T14:04Z,46.34666667,49.53333333,0.94,45.78,68.1,0.675,47.97,94.5,0.51,46.935,135.85,0.345
TALL,TALL_050,tower,2017-08-01T14:58Z,47.015,83.9,0.56,47.82,119.9666667,0.403333333,47.985,152.45,0.315,50.87,271.2,0.186666667
TALL,TALL_051,tower,2017-07-17T15:05Z,44.89,54.8,0.82,46.5,68.85,0.68,44.995,101,0.445,46.985,150.7,0.315
TALL,TALL_052,tower,2017-07-25T16:35Z,44.81,65.4,0.69,46.74,106.75,0.45,48.4,121.05,0.445,46.835,172.45,0.27
TALL,TALL_053,tower,2017-07-25T16:35Z,46.33,49.15,0.945,46.29666667,55.83333333,0.853333333,47.785,72.5,0.66,49.19,94.6,0.515
TALL,TALL_054,tower,2017-07-31T19:05Z,42.57,43.35,0.99,46.58,60.5,0.775,49.105,97.15,0.515,48.225,131.5,0.39
TALL,TALL_055,tower,2017-07-31T16:15Z,44.755,47.55,0.94,46.13333333,54.6,0.85,45.81,79.45,0.58,48.99,110.3,0.465
TALL,TALL_056,tower,2017-07-31T16:15Z,47.415,125.45,0.4,48.525,136.15,0.365,49.9,145.8,0.36,47.785,173.15,0.28
TALL,TALL_057,tower,2017-07-18T15:41Z,35.335,45.35,0.785,46.255,53.75,0.885,41.56,78.25,0.54,49.045,149.55,0.33
TALL,TALL_058,tower,2017-07-18T15:41Z,44.595,45.1,0.99,50.305,48.1,1.05,46.875,59.8,0.84,47.80333333,140.6333333,0.35
TALL,TALL_059,tower,2017-07-25T14:00Z,42.665,31.35,1.395,47.67,34,1.44,49.935,46.45,1.075,47.68,79.7,0.73
TALL,TALL_060,tower,2017-08-01T14:20Z,44.945,43.2,1.04,48.49,51,0.95,49.645,64.2,0.775,47.74,113.2,0.43
TALL,TALL_061,tower,2017-07-31T16:15Z,48.175,61.6,0.785,49.35,88.5,0.56,46.87,116.2,0.405,47.09,174.55,0.27
TOOL,TOOL_041,tower,2017-08-06T19:00Z,46.02,35.9,1.28,45.665,71.05,0.645,47.03,95.2,0.49,47.09,83.4,0.56
TOOL,TOOL_042,tower,2017-08-10T18:17Z,44.25,49.3,0.9,46.63,55,0.85,48.37,65.9,0.73,50.43,84.7,0.6
TOOL,TOOL_043,tower,2017-08-08T22:30Z,47.56,43.1,1.1,49.14,63.5,0.77,52.39,57.7,0.91,48.39,33.5,1.44
TOOL,TOOL_044,tower,2017-08-02T19:45Z,39.88,41.8,0.95,44.1,56.7,0.78,46.83,69.1,0.68,49.28,67.1,0.73
TOOL,TOOL_045,tower,2017-08-04T18:52Z,46.15,36.1,1.28,48.78,66.1,0.74,48.62,87.1,0.56,48.33,66,0.73
TOOL,TOOL_046,tower,2017-08-02T17:00Z,47.11,27.9,1.69,47.55,55.5,0.86,46.475,73.35,0.64,46.92,66.7,0.7
TOOL,TOOL_047,tower,2017-08-10T17:24Z,47.37,58.5,0.81,47.42,73.6,0.64,46.8,92,0.51,47.6,81.8,0.58
TOOL,TOOL_048,tower,2017-08-04T19:23Z,45.9,37.9,1.21,49.44,63,0.79,48.35,82.5,0.59,49.12,69.05,0.71
TOOL,TOOL_049,tower,2017-08-10T18:26Z,46.12,48.8,0.95,46.88,63.4,0.74,47.03,74.5,0.63,47.69,59,0.81
TOOL,TOOL_050,tower,2017-08-06T19:20Z,47.94,48.3,0.99,49.71,78.2,0.64,48.88,81.9,0.6,48.61,65.6,0.74
TOOL,TOOL_051,tower,2017-08-15T22:30Z,45.68,40,1.14,47.79,50.1,0.95,47.4,61.8,0.77,50.38,66.9,0.75
TOOL,TOOL_052,tower,2017-08-02T19:20Z,49.27,51.6,0.96,49.25,64.2,0.77,49.09,83,0.59,49.77,82,0.61
TOOL,TOOL_053,tower,2017-08-08T22:00Z,43.46,34.8,1.25,45.01,56.5,0.8,47.01,61.4,0.77,50.37,71.3,0.71
TOOL,TOOL_054,tower,2017-08-02T19:58Z,45.095,34.9,1.295,48.82,56.7,0.86,47.73,58,0.82,46.88,53.9,0.87
TOOL,TOOL_055,tower,2017-08-06T19:35Z,48.29,47.3,1.02,48.65,62.7,0.78,48.44,73,0.66,51.59,59.4,0.87
TOOL,TOOL_056,tower,2017-08-10T18:06Z,47.38,40.2,1.18,48.33,65.5,0.735,48.84,71.9,0.68,50.34,60.8,0.83
TOOL,TOOL_057,tower,2017-08-04T19:42Z,44.97,26.8,1.68,47.69,43.5,1.1,50.25,46.4,1.08,44.94,47.5,0.95
TOOL,TOOL_058,tower,2017-08-10T17:12Z,44.2,30.2,1.46,46.89,46.5,1.01,48.44,61,0.79,49.19,66.6,0.74
TOOL,TOOL_059,tower,2017-08-08T23:30Z,46.89,46.6,1.01,49.47,61.5,0.8,50.12,83.8,0.6,49.65,57.8,0.86
TOOL,TOOL_060,tower,2017-08-08T22:50Z,46.32,52,0.89,47.9,72.7,0.66,47.33,75.6,0.63,48.95,82.8,0.59
TOOL,TOOL_061,tower,2017-08-10T17:37Z,43.71,48.2,0.91,47.66,62.6,0.76,47.965,72.15,0.665,48.45,69.9,0.69
TOOL,TOOL_062,tower,2017-08-08T23:15Z,42.93,31.1,1.38,46.33,55.4,0.84,45.97,65.1,0.71,47.98,79.7,0.6
TOOL,TOOL_063,tower,2017-08-04T20:03Z,45.89,40.7,1.13,47.85,65.1,0.74,48.34,62.7,0.77,47.725,68.25,0.7
TOOL,TOOL_064,tower,2017-08-08T23:10Z,47.06,44.1,1.07,48.2,57.8,0.83,50.06,80,0.63,48.84,71.4,0.68
TOOL,TOOL_065,tower,2017-08-02T17:15Z,46.15,37.3,1.24,47.31,77.6,0.61,46.41,65.8,0.7,49.5,83,0.6
TOOL,TOOL_066,tower,2017-08-10T16:54Z,44.57,44.8,1,49.77,60.8,0.82,49.51,78.1,0.63,50.46,88.8,0.57
TOOL,TOOL_067,tower,2017-08-02T17:30Z,46.5,45.6,1.02,46.89,75.7,0.62,45.8,68.9,0.66,46.6,64.1,0.73
TOOL,TOOL_068,tower,2017-08-09T00:00Z,45.61,39.5,1.16,48.66,64.9,0.75,48.38,72.8,0.66,49.63,72.4,0.69
TOOL,TOOL_069,tower,2017-08-04T18:42Z,49.045,46.4,1.06,52.1,64.4,0.81,54.82,73.3,0.75,51.68,81.1,0.64
TOOL,TOOL_070,tower,2017-08-09T00:35Z,47.46,43.5,1.09,48.69,60.3,0.81,49.62,61.4,0.81,50.57,79.6,0.63
UKFS,UKFS_031,tower,2018-07-25T14:35Z,40.85,15.1,2.7,44.17,20.7,2.13,44.43,24.5,1.81,45.12,36.8,1.23
UKFS,UKFS_031,tower,2018-07-25T14:51Z,41.27,14.9,2.77,44.42,22.2,2,43.17,23.7,1.82,42.83,35.8,1.19
UKFS,UKFS_032,tower,2018-07-23T15:49Z,43.82,40.4,1.09,46.17,54.1,0.85,46.57,75.1,0.62,45.54,98.3,0.46
UKFS,UKFS_032,tower,2018-07-23T16:17Z,42.99,37.4,1.15,44.28,38.5,1.15,44.43,53.3,0.83,47.52,93.3,0.51
UKFS,UKFS_043,tower,2018-08-01T18:07Z,39.86,17.5,2.27,44.62,26.9,1.66,45.19,42.1,1.07,46.58,54.6,0.85
UKFS,UKFS_043,tower,2018-08-01T18:37Z,45.93,28.7,1.6,45.67,30.15,1.555,46.45,32.5,1.43,44.68,51.2,0.87
UKFS,UKFS_044,tower,2018-07-25T17:12Z,38.47,25,1.54,45.23,35.3,1.28,44.7,42.6,1.05,46,59.9,0.77
UKFS,UKFS_044,tower,2018-07-25T17:31Z,46.11,32.9,1.4,46.1,45.6,1.01,46.65,66.8,0.7,45.4,100.5,0.45
UKFS,UKFS_045,tower,2018-07-30T14:30Z,39.5,22.6,1.74,45.9,37.5,1.23,47.03,53.6,0.88,45.52,55,0.83
UKFS,UKFS_045,tower,2018-07-30T14:36Z,41.15,35.6,1.16,45.67,61.8,0.74,46.665,65.75,0.71,46.21,55.4,0.83
UKFS,UKFS_046,tower,2018-07-30T16:05Z,40.14,15.1,2.66,43.5,27,1.61,42.32,28,1.51,44.01,36.4,1.205
UKFS,UKFS_046,tower,2018-07-30T16:20Z,40.92,19.7,2.08,44.52,35.9,1.24,44.69,51.3,0.87,42.83,54.2,0.79
UKFS,UKFS_047,tower,2018-07-24T15:25Z,37.77,17.2,2.2,42.48,23.6,1.8,45.58,39.7,1.15,44.12,43.7,1.01
UKFS,UKFS_047,tower,2018-07-24T15:40Z,41.1,18.3,2.25,42.9,20.5,2.1,41.91,26.7,1.57,44.56,38.7,1.15
UKFS,UKFS_048,tower,2018-08-01T17:18Z,34.01,18.1,1.88,41.31,30.1,1.37,44.14,40.7,1.08,44.66,53.2,0.84
UKFS,UKFS_048,tower,2018-08-01T17:32Z,33.45,25.3,1.32,43.27,35.3,1.22,45.35,39.8,1.14,41.97,33,1.27
UKFS,UKFS_049,tower,2018-07-25T15:22Z,42.6,19.9,2.14,44.59,26.9,1.66,44.55,30.4,1.47,43.05,41.3,1.04
UKFS,UKFS_049,tower,2018-07-25T15:40Z,34.41,16.95,2.025,41,25.8,1.59,41.73,37.9,1.1,42.73,45.5,0.94
UKFS,UKFS_050,tower,2018-07-30T16:52Z,41.56,27.4,1.52,41.35,30.1,1.38,46.95,58,0.81,46.01,79.2,0.58
UKFS,UKFS_050,tower,2018-07-30T17:06Z,41.78,25.5,1.64,42.68,27.2,1.57,45.28,44,1.03,49.72,94.9,0.52
UKFS,UKFS_051,tower,2018-07-24T17:05Z,44.78,49.9,0.9,47.89,67.6,0.71,45.77,85.6,0.53,46.43,148.4,0.31
UKFS,UKFS_051,tower,2018-07-24T17:23Z,48.69,60.7,0.8,49.72,86.7,0.57,49.13,100.7,0.49,50.49,195.1,0.26
UKFS,UKFS_052,tower,2018-07-30T14:43Z,42.61,24.5,1.74,46.35,42.6,1.09,46.64,47.7,0.98,43.67,45.5,0.96
UKFS,UKFS_052,tower,2018-07-30T15:25Z,33.35,18.6,1.79,42.29,23.3,1.81,42.83,38.4,1.12,43.94,45.5,0.97
UKFS,UKFS_053,tower,2018-07-24T14:02Z,44.23,24.2,1.83,45.04,34.8,1.29,43.43,48.85,0.895,43.81,54.4,0.81
UKFS,UKFS_053,tower,2018-07-24T14:18Z,42.23,21.4,1.98,42.52,30.9,1.38,43.33,40.4,1.07,44.18,72.8,0.61
UKFS,UKFS_054,tower,2018-08-01T16:31Z,42.08,17.7,2.38,43.92,35.9,1.22,42.55,25.6,1.66,42.36,49.8,0.85
UKFS,UKFS_054,tower,2018-08-01T16:50Z,38.1,20.3,1.88,43.9,31.9,1.38,44.81,44,1.02,47.315,61.75,0.77
UKFS,UKFS_055,tower,2018-07-23T18:46Z,43.24,20.7,2.09,43.26,28.6,1.51,42.68,39.2,1.09,42.73,70.3,0.61
UKFS,UKFS_055,tower,2018-07-23T19:08Z,43.15,20.5,2.11,45.47,31.3,1.45,45.74,38.1,1.2,42.9,53.4,0.8
UKFS,UKFS_056,tower,2018-07-25T16:22Z,43.46,21,2.07,44.89,24.8,1.81,45.35,39.2,1.16,44.77,39.5,1.13
UKFS,UKFS_056,tower,2018-07-25T16:43Z,40.76,17,2.4,43.43,24.3,1.79,45.47,38.2,1.19,45.81,48.5,0.94
UKFS,UKFS_057,tower,2018-07-23T14:46Z,46.63,47.8,0.97,44.63,55,0.81,45.88,78.4,0.59,47.32,137.6,0.34
UKFS,UKFS_057,tower,2018-07-23T15:13Z,47.165,63.3,0.745,48.17,83.2,0.58,47.84,122,0.39,50.03,204.4,0.24
UKFS,UKFS_058,tower,2018-07-24T14:47Z,41.03,18.4,2.23,41.925,27.95,1.515,41.75,32.8,1.27,42.84,45.2,0.95
UKFS,UKFS_058,tower,2018-07-24T15:02Z,45.55,28.7,1.59,46.5,44.5,1.05,46.86,62.9,0.75,43.12,66.4,0.65
UKFS,UKFS_059,tower,2018-08-01T15:21Z,35.22,18,1.95,40.98,25.9,1.58,43.08,36.3,1.19,46.06,50.9,0.91
UKFS,UKFS_059,tower,2018-08-01T15:42Z,40.45,22.1,1.83,41.17,21,1.96,43.1,23.3,1.85,43.17,47.5,0.91
UKFS,UKFS_060,tower,2018-07-23T17:40Z,45.1,28.1,1.61,44.43,39.2,1.13,50.19,38.1,1.32,44.83,46,0.97
UKFS,UKFS_060,tower,2018-07-23T18:07Z,40.55,22.6,1.8,42.91,26.2,1.64,44.85,40.75,1.1,43.45,44.8,0.97
UNDE,UNDE_037,tower,2016-07-25T13:26Z,47.2,46.1,1,47.75,84.8,0.6,47.6,120.6,0.4,47,172.5,0.3
UNDE,UNDE_037,tower,2016-07-25T13:35Z,46.3,43.1,1.1,45.8,79.4,0.6,48.6,98.9,0.5,47.7,182.2,0.3
UNDE,UNDE_045,tower,2016-07-22T14:40Z,47.6,34.9,1.4,50.2,59.5,0.8,50.8,89.4,0.6,48.7,91.5,0.5
UNDE,UNDE_045,tower,2016-07-22T14:57Z,48,59.7,0.8,47.2,75.2,0.6,50.3,122.7,0.4,48.7,146,0.3
UNDE,UNDE_047,tower,2016-07-28T16:45Z,48.7,37.1,1.3,45.7,59.5,0.8,44.7,53,0.8,50.3,68.6,0.7
UNDE,UNDE_047,tower,2016-07-28T17:15Z,46.4,35.8,1.3,45.8,42.5,1.1,47,73.6,0.6,49.5,50,1
UNDE,UNDE_048,tower,2016-07-22T12:15Z,46.9,52.8,0.9,49.2,83.6,0.6,48.7,133.1,0.4,47.6,193.8,0.2
UNDE,UNDE_048,tower,2016-07-22T12:44Z,46.9,59.6,0.8,49.2,107.9,0.5,49.7,110.5,0.4,45.9,106.6,0.4
UNDE,UNDE_049,tower,2016-07-18T15:12Z,45,27.6,1.6,46.4,38.4,1.2,45,47,1,50.4,60.1,0.8
UNDE,UNDE_049,tower,2016-07-18T15:25Z,47,28.1,1.7,48.2,37.55,1.3,49.7,57.1,0.9,48.8,91.8,0.5
UNDE,UNDE_050,tower,2016-07-18T14:27Z,49.2,44.7,1.1,51.6,85.1,0.6,51,110.8,0.5,49,81.9,0.6
UNDE,UNDE_050,tower,2016-07-18T14:42Z,46.1,35.7,1.3,47.2,44.6,1.1,49.3,86.4,0.6,48.9,120.5,0.4
UNDE,UNDE_052,tower,2016-07-25T15:17Z,48.3,44.1,1.1,51.5,78.1,0.7,51.7,105.2,0.5,48.9,114.2,0.4
UNDE,UNDE_052,tower,2016-07-25T15:55Z,48.3,45.3,1.1,49.2,70,0.7,51.1,94.3,0.5,48.3,104.8,0.5
UNDE,UNDE_054,tower,2016-07-28T17:49Z,46.1,41.5,1.1,48.1,82.5,0.6,48.8,98.9,0.5,47.1,170.2,0.3
UNDE,UNDE_054,tower,2016-07-28T17:56Z,45.5,37.3,1.2,47.1,92.7,0.5,49.3,117.7,0.4,46.4,124.55,0.35
UNDE,UNDE_055,tower,2016-07-18T15:57Z,44.9,39.4,1.1,47.9,67.8,0.7,48.9,88.5,0.6,45.1,78.6,0.6
UNDE,UNDE_055,tower,2016-07-18T16:07Z,45.1,43,1,45.6,50.3,0.9,46.8,79.2,0.6,48.3,126.3,0.4
UNDE,UNDE_056,tower,2016-07-25T13:55Z,45.1,48.8,0.9,49,74.8,0.7,49.6,107,0.5,45.8,112.4,0.4
UNDE,UNDE_056,tower,2016-07-25T14:01Z,46.8,50.2,0.9,49.6,91.7,0.5,49.1,115.8,0.4,46.9,153.4,0.3
UNDE,UNDE_057,tower,2016-07-28T16:34Z,49.2,54.6,0.9,49.35,83.65,0.6,49,94.7,0.5,48.2,142.8,0.3
UNDE,UNDE_057,tower,2016-07-28T17:12Z,49.2,44.8,1.1,48.5,52.7,0.9,48.5,66.3,0.7,48.6,63.4,0.8
UNDE,UNDE_058,tower,2016-07-28T18:02Z,41.9,44.2,0.9,43.5,80.2,0.5,47.3,86.5,0.5,48,89.8,0.5
UNDE,UNDE_058,tower,2016-07-28T18:37Z,47.1,48.1,1,49.8,111.5,0.4,49.9,120.6,0.4,47.6,118,0.4
UNDE,UNDE_059,tower,2016-08-04T14:25Z,48.2,28.2,1.7,48.6,37.7,1.3,47.2,50.8,0.9,48.3,71.3,0.65
UNDE,UNDE_059,tower,2016-08-04T14:54Z,43.2,27.7,1.6,41.3,23.6,1.8,NA,NA,NA,NA,NA,NA
UNDE,UNDE_060,tower,2016-08-04T16:05Z,49.1,39.2,1.3,47.8,47,1,48.9,51.4,1,48.6,80.6,0.6
UNDE,UNDE_060,tower,2016-08-09T15:00Z,48.7,37.7,1.3,48.8,49.2,1,49.2,56.3,0.9,50.6,108.8,0.5
UNDE,UNDE_061,tower,2016-07-28T19:01Z,48.8,38.2,1.3,49.2,58.4,0.8,49.8,60.4,0.8,49.1,80.2,0.6
UNDE,UNDE_061,tower,2016-07-28T19:08Z,45.1,31.6,1.4,50,52.9,0.9,49.4,63.6,0.8,48.7,69.5,0.7
WOOD,WOOD_042,tower,2016-07-25T15:00Z,40.21,49.9,0.81,NA,NA,NA,NA,NA,NA,39.475,55.05,0.715
WOOD,WOOD_043,tower,2016-08-03T14:28Z,38.22,62.4,0.61,NA,NA,NA,NA,NA,NA,NA,NA,NA
WOOD,WOOD_044,tower,2016-07-18T14:30Z,27.49,42.2,0.65,NA,NA,NA,NA,NA,NA,NA,NA,NA
WOOD,WOOD_045,tower,2016-07-22T13:30Z,40.285,56.7,0.71,NA,NA,NA,NA,NA,NA,NA,NA,NA
WOOD,WOOD_046,tower,2016-08-01T15:50Z,40.29,49.5,0.81,NA,NA,NA,NA,NA,NA,NA,NA,NA
WOOD,WOOD_047,tower,2016-08-01T16:35Z,42.07,56,0.75,NA,NA,NA,NA,NA,NA,NA,NA,NA
WOOD,WOOD_048,tower,2016-07-25T14:20Z,40.13,60.7,0.66,NA,NA,NA,NA,NA,NA,NA,NA,NA
WOOD,WOOD_049,tower,2016-08-01T14:35Z,30.2,52.8,0.57,NA,NA,NA,NA,NA,NA,NA,NA,NA
WOOD,WOOD_050,tower,2016-07-29T13:31Z,30.26,51.9,0.58,NA,NA,NA,NA,NA,NA,NA,NA,NA
WOOD,WOOD_051,tower,2016-07-27T13:50Z,43.38,71.6,0.61,35.23,52.6,0.67,NA,NA,NA,44.7,66.2,0.67
WOOD,WOOD_052,tower,2016-08-03T15:36Z,41.53,45.3,0.92,42.27,64.6,0.65,NA,NA,NA,NA,NA,NA
WOOD,WOOD_053,tower,2016-07-21T13:25Z,40.03,36.2,1.1,NA,NA,NA,NA,NA,NA,NA,NA,NA
WOOD,WOOD_054,tower,2016-07-20T14:00Z,40.03,38.4,1.04,46.64,89.6,0.52,NA,NA,NA,46.71,89.6,0.52
WOOD,WOOD_055,tower,2016-08-01T13:56Z,27.16,36.1,0.75,NA,NA,NA,NA,NA,NA,NA,NA,NA
WOOD,WOOD_056,tower,2016-07-20T14:34Z,40.61,33.05,1.23,NA,NA,NA,NA,NA,NA,48.6,152.15,0.32
WOOD,WOOD_057,tower,2016-07-28T13:36Z,42.38,54.8,0.77,NA,NA,NA,46.76,88.5,0.53,46.08,108.8,0.42
WOOD,WOOD_058,tower,2016-08-04T15:13Z,42.22,47.7,0.89,NA,NA,NA,NA,NA,NA,NA,NA,NA
WOOD,WOOD_059,tower,2016-07-29T14:03Z,42.48,83.1,0.51,NA,NA,NA,NA,NA,NA,NA,NA,NA
WOOD,WOOD_060,tower,2016-07-26T14:00Z,40.87,66.4,0.62,NA,NA,NA,NA,NA,NA,NA,NA,NA
WOOD,WOOD_061,tower,2016-07-27T13:50Z,44.18,65.1,0.68,39.26,43,0.91,NA,NA,NA,47.97,76.3,0.63
WOOD,WOOD_062,tower,2016-08-03T13:53Z,39.04,45.1,0.86,41.22,81.2,0.51,39.45,46.9,0.84,44.94,131.25,0.34
WOOD,WOOD_063,tower,2016-08-03T15:05Z,40.77,82.95,0.49,NA,NA,NA,NA,NA,NA,NA,NA,NA
WOOD,WOOD_064,tower,2016-07-19T14:00Z,32.93,34.5,0.95,NA,NA,NA,NA,NA,NA,NA,NA,NA
WOOD,WOOD_065,tower,2016-08-04T14:38Z,41.2,66.1,0.62,NA,NA,NA,NA,NA,NA,NA,NA,NA
WOOD,WOOD_066,tower,2016-08-01T15:10Z,26.15,37.2,0.7,NA,NA,NA,NA,NA,NA,NA,NA,NA
WOOD,WOOD_067,tower,2016-07-26T14:50Z,43.11,64.6,0.67,43.19,65.3,0.66,NA,NA,NA,NA,NA,NA
WOOD,WOOD_068,tower,2016-07-19T14:30Z,40.425,47.95,0.84,NA,NA,NA,NA,NA,NA,NA,NA,NA
WOOD,WOOD_070,tower,2016-08-04T13:58Z,39.08,45.8,0.85,NA,NA,NA,NA,NA,NA,NA,NA,NA
WOOD,WOOD_071,tower,2016-07-28T14:10Z,43.3,49.8,0.87,NA,NA,NA,NA,NA,NA,NA,NA,NA